 1588809554,  9120281, 0, 1, 1, 1,  0
 1588809554,  9119097, 0, 1, 1, 1,  0
 1588809554,  9120266, 0, 1, 1, 1,  0
 1588809555,  9119630, 0, 1, 1, 1,  0
 1588809555,  9118556, 0, 1, 1, 1,  0
 1588809555,  9119597, 0, 1, 1, 1,  0
 1588809555,  9120073, 0, 1, 1, 1,  0
 1588809556,  9119779, 0, 1, 1, 1,  0
 1588809556,  9119710, 0, 1, 1, 1,  0
 1588809556,  9119161, 0, 1, 1, 1,  0
 1588809556,  9120182, 0, 1, 1, 1,  0
 1588809557,  9119159, 0, 1, 1, 1,  0
 1588809557,  9118178, 0, 1, 1, 1,  0
 1588809557,  9117285, 0, 1, 1, 1,  0
 1588809557,  9116707, 0, 1, 1, 1,  0
 1588809558,  9117716, 0, 1, 1, 1,  0
 1588809558,  9118160, 0, 1, 1, 1,  0
 1588809558,  9119227, 0, 1, 1, 1,  0
 1588809558,  9119294, 0, 1, 1, 1,  0
 1588809559,  9118563, 0, 1, 1, 1,  0
 1588809559,  9117932, 0, 1, 1, 1,  0
 1588809559,  9118943, 0, 1, 1, 1,  0
 1588809559,  9118335, 0, 1, 1, 1,  0
 1588809560,  9118278, 0, 1, 1, 1,  0
 1588809560,  9117154, 0, 1, 1, 1,  0
 1588809560,  9116928, 0, 1, 1, 1,  0
 1588809560,  9117277, 0, 1, 1, 1,  0
 1588809561,  9117309, 0, 1, 1, 1,  0
 1588809561,  9117784, 0, 1, 1, 1,  0
 1588809561,  9117878, 0, 1, 1, 1,  0
 1588809561,  9117757, 0, 1, 1, 1,  0
 1588809562,  9118062, 0, 1, 1, 1,  0
 1588809562,  9118172, 0, 1, 1, 1,  0
 1588809562,  9118019, 0, 1, 1, 1,  0
 1588809562,  9118452, 0, 1, 1, 1,  0
 1588809563,  9118252, 0, 1, 1, 1,  0
 1588809563,  9117503, 0, 1, 1, 1,  0
 1588809563,  9117211, 0, 1, 1, 1,  0
 1588809563,  9117918, 0, 1, 1, 1,  0
 1588809564,  9118301, 0, 1, 1, 1,  0
 1588809564,  9118661, 0, 1, 1, 1,  0
 1588809564,  9118752, 0, 1, 1, 1,  0
 1588809564,  9118876, 0, 1, 1, 1,  0
 1588809565,  9119019, 0, 1, 1, 1,  0
 1588809565,  9119417, 0, 1, 1, 1,  0
 1588809565,  9120163, 0, 1, 1, 1,  0
 1588809565,  9120115, 0, 1, 1, 1,  0
 1588809566,  9119756, 0, 1, 1, 1,  0
 1588809566,  9120369, 0, 1, 1, 1,  0
 1588809566,  9121152, 0, 1, 1, 1,  0
 1588809566,  9120826, 0, 1, 1, 1,  0
 1588809567,  9121572, 0, 1, 1, 1,  0
 1588809567,  9122166, 0, 1, 1, 1,  0
 1588809567,  9122432, 0, 1, 1, 1,  0
 1588809567,  9121484, 0, 1, 1, 1,  0
 1588809568,  9121718, 0, 1, 1, 1,  0
 1588809568,  9122523, 0, 1, 1, 1,  0
 1588809568,  9122688, 0, 1, 1, 1,  0
 1588809568,  9121753, 0, 1, 1, 1,  0
 1588809569,  9121396, 0, 1, 1, 1,  0
 1588809569,  9120454, 0, 1, 1, 1,  0
 1588809569,  9120163, 0, 1, 1, 1,  0
 1588809569,  9121311, 0, 1, 1, 1,  0
 1588809570,  9121244, 0, 1, 1, 1,  0
 1588809570,  9121564, 0, 1, 1, 1,  0
 1588809570,  9121508, 0, 1, 1, 1,  0
 1588809570,  9122441, 0, 1, 1, 1,  0
 1588809571,  9123213, 0, 1, 1, 1,  0
 1588809571,  9123629, 0, 1, 1, 1,  0
 1588809571,  9123632, 0, 1, 1, 1,  0
 1588809571,  9123586, 0, 1, 1, 1,  0
 1588809572,  9123161, 0, 1, 1, 1,  0
 1588809572,  9124019, 0, 1, 1, 1,  0
 1588809572,  9124861, 0, 1, 1, 1,  0
 1588809572,  9125344, 0, 1, 1, 1,  0
 1588809573,  9125399, 0, 1, 1, 1,  0
 1588809573,  9125786, 0, 1, 1, 1,  0
 1588809573,  9126985, 0, 1, 1, 1,  0
 1588809573,  9127446, 0, 1, 1, 1,  0
 1588809574,  9126809, 0, 1, 1, 1,  0
 1588809574,  9127590, 0, 1, 1, 1,  0
 1588809574,  9126524, 0, 1, 1, 1,  0
 1588809574,  9127397, 0, 1, 1, 1,  0
 1588809575,  9127135, 0, 1, 1, 1,  0
 1588809575,  9127100, 0, 1, 1, 1,  0
 1588809575,  9128225, 0, 1, 1, 1,  0
 1588809575,  9129397, 0, 1, 1, 1,  0
 1588809576,  9128966, 0, 1, 1, 1,  0
 1588809576,  9128619, 0, 1, 1, 1,  0
 1588809576,  9129621, 0, 1, 1, 1,  0
 1588809576,  9130033, 0, 1, 1, 1,  0
 1588809577,  9129945, 0, 1, 1, 1,  0
 1588809577,  9129019, 0, 1, 1, 1,  0
 1588809577,  9128942, 0, 1, 1, 1,  0
 1588809577,  9129551, 0, 1, 1, 1,  0
 1588809578,  9130145, 0, 1, 1, 1,  0
 1588809578,  9131212, 0, 1, 1, 1,  0
 1588809578,  9131117, 0, 1, 1, 1,  0
 1588809578,  9131282, 0, 1, 1, 1,  0
 1588809579,  9131564, 0, 1, 1, 1,  0
 1588809579,  9132237, 0, 1, 1, 1,  0
 1588809579,  9133120, 0, 1, 1, 1,  0
 1588809579,  9133742, 0, 1, 1, 1,  0
 1588809580,  9134072, 0, 1, 1, 1,  0
 1588809580,  9134596, 0, 1, 1, 1,  0
 1588809580,  9134064, 0, 1, 1, 1,  0
 1588809580,  9133249, 0, 1, 1, 1,  0
 1588809581,  9132524, 0, 1, 1, 1,  0
 1588809581,  9131990, 0, 1, 1, 1,  0
 1588809581,  9132836, 0, 1, 1, 1,  0
 1588809581,  9132238, 0, 1, 1, 1,  0
 1588809582,  9133249, 0, 1, 1, 1,  0
 1588809582,  9133793, 0, 1, 1, 1,  0
 1588809582,  9132868, 0, 1, 1, 1,  0
 1588809582,  9132417, 0, 1, 1, 1,  0
 1588809583,  9131725, 0, 1, 1, 1,  0
 1588809583,  9132689, 0, 1, 1, 1,  0
 1588809583,  9131773, 0, 1, 1, 1,  0
 1588809583,  9131414, 0, 1, 1, 1,  0
 1588809584,  9130831, 0, 1, 1, 1,  0
 1588809584,  9131681, 0, 1, 1, 1,  0
 1588809584,  9130533, 0, 1, 1, 1,  0
 1588809584,  9130626, 0, 1, 1, 1,  0
 1588809585,  9131750, 0, 1, 1, 1,  0
 1588809585,  9131289, 0, 1, 1, 1,  0
 1588809585,  9130354, 0, 1, 1, 1,  0
 1588809585,  9130872, 0, 1, 1, 1,  0
 1588809586,  9129841, 0, 1, 1, 1,  0
 1588809586,  9130011, 0, 1, 1, 1,  0
 1588809586,  9129057, 0, 1, 1, 1,  0
 1588809586,  9129073, 0, 1, 1, 1,  0
 1588809587,  9128715, 0, 1, 1, 1,  0
 1588809587,  9129409, 0, 1, 1, 1,  0
 1588809587,  9128410, 0, 1, 1, 1,  0
 1588809587,  9129583, 0, 1, 1, 1,  0
 1588809588,  9129164, 0, 1, 1, 1,  0
 1588809588,  9128833, 0, 1, 1, 1,  0
 1588809588,  9129955, 0, 1, 1, 1,  0
 1588809588,  9129575, 0, 1, 1, 1,  0
 1588809589,  9129910, 0, 1, 1, 1,  0
 1588809589,  9130241, 0, 1, 1, 1,  0
 1588809589,  9130464, 0, 1, 1, 1,  0
 1588809589,  9130609, 0, 1, 1, 1,  0
 1588809590,  9130283, 0, 1, 1, 1,  0
 1588809590,  9130781, 0, 1, 1, 1,  0
 1588809590,  9131239, 0, 1, 1, 1,  0
 1588809590,  9130986, 0, 1, 1, 1,  0
 1588809591,  9130811, 0, 1, 1, 1,  0
 1588809591,  9131118, 0, 1, 1, 1,  0
 1588809591,  9131706, 0, 1, 1, 1,  0
 1588809591,  9131712, 0, 1, 1, 1,  0
 1588809592,  9131668, 0, 1, 1, 1,  0
 1588809592,  9131873, 0, 1, 1, 1,  0
 1588809592,  9130771, 0, 1, 1, 1,  0
 1588809592,  9130215, 0, 1, 1, 1,  0
 1588809593,  9130723, 0, 1, 1, 1,  0
 1588809593,  9129886, 0, 1, 1, 1,  0
 1588809593,  9130612, 0, 1, 1, 1,  0
 1588809593,  9131290, 0, 1, 1, 1,  0
 1588809594,  9131824, 0, 1, 1, 1,  0
 1588809594,  9132796, 0, 1, 1, 1,  0
 1588809594,  9132289, 0, 1, 1, 1,  0
 1588809594,  9133229, 0, 1, 1, 1,  0
 1588809595,  9133258, 0, 1, 1, 1,  0
 1588809595,  9132952, 0, 1, 1, 1,  0
 1588809595,  9133864, 0, 1, 1, 1,  0
 1588809595,  9134675, 0, 1, 1, 1,  0
 1588809596,  9134802, 0, 1, 1, 1,  0
 1588809596,  9135199, 0, 1, 1, 1,  0
 1588809596,  9134429, 0, 1, 1, 1,  0
 1588809596,  9133690, 0, 1, 1, 1,  0
 1588809597,  9133217, 0, 1, 1, 1,  0
 1588809597,  9133434, 0, 1, 1, 1,  0
 1588809597,  9133604, 0, 1, 1, 1,  0
 1588809597,  9133570, 0, 1, 1, 1,  0
 1588809598,  9133084, 0, 1, 1, 1,  0
 1588809598,  9132076, 0, 1, 1, 1,  0
 1588809598,  9132989, 0, 1, 1, 1,  0
 1588809598,  9133093, 0, 1, 1, 1,  0
 1588809599,  9133592, 0, 1, 1, 1,  0
 1588809599,  9133456, 0, 1, 1, 1,  0
 1588809599,  9132365, 0, 1, 1, 1,  0
 1588809599,  9131619, 0, 1, 1, 1,  0
 1588809600,  9132452, 0, 1, 1, 1,  0
 1588809600,  9133425, 0, 1, 1, 1,  0
 1588809600,  9133323, 0, 1, 1, 1,  0
 1588809600,  9133464, 0, 1, 1, 1,  0
 1588809601,  9132399, 0, 1, 1, 1,  0
 1588809601,  9131822, 0, 1, 1, 1,  0
 1588809601,  9131004, 0, 1, 1, 1,  0
 1588809601,  9131237, 0, 1, 1, 1,  0
 1588809602,  9132397, 0, 1, 1, 1,  0
 1588809602,  9132272, 0, 1, 1, 1,  0
 1588809602,  9131809, 0, 1, 1, 1,  0
 1588809602,  9131361, 0, 1, 1, 1,  0
 1588809603,  9131694, 0, 1, 1, 1,  0
 1588809603,  9130506, 0, 1, 1, 1,  0
 1588809603,  9129668, 0, 1, 1, 1,  0
 1588809603,  9128927, 0, 1, 1, 1,  0
 1588809604,  9129337, 0, 1, 1, 1,  0
 1588809604,  9128494, 0, 1, 1, 1,  0
 1588809604,  9127778, 0, 1, 1, 1,  0
 1588809604,  9128479, 0, 1, 1, 1,  0
 1588809605,  9129053, 0, 1, 1, 1,  0
 1588809605,  9129271, 0, 1, 1, 1,  0
 1588809605,  9128737, 0, 1, 1, 1,  0
 1588809605,  9129590, 0, 1, 1, 1,  0
 1588809606,  9130000, 0, 1, 1, 1,  0
 1588809606,  9131143, 0, 1, 1, 1,  0
 1588809606,  9130463, 0, 1, 1, 1,  0
 1588809606,  9130171, 0, 1, 1, 1,  0
 1588809607,  9129542, 0, 1, 1, 1,  0
 1588809607,  9128971, 0, 1, 1, 1,  0
 1588809607,  9128698, 0, 1, 1, 1,  0
 1588809607,  9127701, 0, 1, 1, 1,  0
 1588809608,  9126902, 0, 1, 1, 1,  0
 1588809608,  9127291, 0, 1, 1, 1,  0
 1588809608,  9127199, 0, 1, 1, 1,  0
 1588809608,  9126100, 0, 1, 1, 1,  0
 1588809609,  9126677, 0, 1, 1, 1,  0
 1588809609,  9126967, 0, 1, 1, 1,  0
 1588809609,  9126865, 0, 1, 1, 1,  0
 1588809609,  9126965, 0, 1, 1, 1,  0
 1588809610,  9125929, 0, 1, 1, 1,  0
 1588809610,  9126564, 0, 1, 1, 1,  0
 1588809610,  9127416, 0, 1, 1, 1,  0
 1588809610,  9127477, 0, 1, 1, 1,  0
 1588809611,  9128125, 0, 1, 1, 1,  0
 1588809611,  9128904, 0, 1, 1, 1,  0
 1588809611,  9128988, 0, 1, 1, 1,  0
 1588809611,  9128409, 0, 1, 1, 1,  0
 1588809612,  9129109, 0, 1, 1, 1,  0
 1588809612,  9129241, 0, 1, 1, 1,  0
 1588809612,  9128162, 0, 1, 1, 1,  0
 1588809612,  9127799, 0, 1, 1, 1,  0
 1588809613,  9126949, 0, 1, 1, 1,  0
 1588809613,  9126537, 0, 1, 1, 1,  0
 1588809613,  9125826, 0, 1, 1, 1,  0
 1588809613,  9126150, 0, 1, 1, 1,  0
 1588809614,  9125244, 0, 1, 1, 1,  0
 1588809614,  9124617, 0, 1, 1, 1,  0
 1588809614,  9125414, 0, 1, 1, 1,  0
 1588809614,  9125079, 0, 1, 1, 1,  0
 1588809615,  9124646, 0, 1, 1, 1,  0
 1588809615,  9123969, 0, 1, 1, 1,  0
 1588809615,  9123402, 0, 1, 1, 1,  0
 1588809615,  9123370, 0, 1, 1, 1,  0
 1588809616,  9123846, 0, 1, 1, 1,  0
 1588809616,  9124387, 0, 1, 1, 1,  0
 1588809616,  9124020, 0, 1, 1, 1,  0
 1588809616,  9123872, 0, 1, 1, 1,  0
 1588809617,  9123503, 0, 1, 1, 1,  0
 1588809617,  9123799, 0, 1, 1, 1,  0
 1588809617,  9124951, 0, 1, 1, 1,  0
 1588809617,  9124310, 0, 1, 1, 1,  0
 1588809618,  9124040, 0, 1, 1, 1,  0
 1588809618,  9124844, 0, 1, 1, 1,  0
 1588809618,  9125029, 0, 1, 1, 1,  0
 1588809618,  9126171, 0, 1, 1, 1,  0
 1588809619,  9126117, 0, 1, 1, 1,  0
 1588809619,  9125185, 0, 1, 1, 1,  0
 1588809619,  9124547, 0, 1, 1, 1,  0
 1588809619,  9123992, 0, 1, 1, 1,  0
 1588809620,  9123957, 0, 1, 1, 1,  0
 1588809620,  9123441, 0, 1, 1, 1,  0
 1588809620,  9123723, 0, 1, 1, 1,  0
 1588809620,  9124038, 0, 1, 1, 1,  0
 1588809621,  9123874, 0, 1, 1, 1,  0
 1588809621,  9124210, 0, 1, 1, 1,  0
 1588809621,  9123212, 0, 1, 1, 1,  0
 1588809621,  9123342, 0, 1, 1, 1,  0
 1588809622,  9124251, 0, 1, 1, 1,  0
 1588809622,  9125250, 0, 1, 1, 1,  0
 1588809622,  9125810, 0, 1, 1, 1,  0
 1588809622,  9125085, 0, 1, 1, 1,  0
 1588809623,  9126171, 0, 1, 1, 1,  0
 1588809623,  9127364, 0, 1, 1, 1,  0
 1588809623,  9127372, 0, 1, 1, 1,  0
 1588809623,  9127734, 0, 1, 1, 1,  0
 1588809624,  9127831, 0, 1, 1, 1,  0
 1588809624,  9128236, 0, 1, 1, 1,  0
 1588809624,  9129214, 0, 1, 1, 1,  0
 1588809624,  9130142, 0, 1, 1, 1,  0
 1588809625,  9129642, 0, 1, 1, 1,  0
 1588809625,  9130136, 0, 1, 1, 1,  0
 1588809625,  9131188, 0, 1, 1, 1,  0
 1588809625,  9131619, 0, 1, 1, 1,  0
 1588809626,  9131716, 0, 1, 1, 1,  0
 1588809626,  9131752, 0, 1, 1, 1,  0
 1588809626,  9131688, 0, 1, 1, 1,  0
 1588809626,  9132495, 0, 1, 1, 1,  0
 1588809627,  9132363, 0, 1, 1, 1,  0
 1588809627,  9132862, 0, 1, 1, 1,  0
 1588809627,  9131913, 0, 1, 1, 1,  0
 1588809627,  9132946, 0, 1, 1, 1,  0
 1588809628,  9134129, 0, 1, 1, 1,  0
 1588809628,  9134662, 0, 1, 1, 1,  0
 1588809628,  9134373, 0, 1, 1, 1,  0
 1588809628,  9133755, 0, 1, 1, 1,  0
 1588809629,  9132987, 0, 1, 1, 1,  0
 1588809629,  9132901, 0, 1, 1, 1,  0
 1588809629,  9133177, 0, 1, 1, 1,  0
 1588809629,  9132118, 0, 1, 1, 1,  0
 1588809630,  9131394, 0, 1, 1, 1,  0
 1588809630,  9131029, 0, 1, 1, 1,  0
 1588809630,  9130009, 0, 1, 1, 1,  0
 1588809630,  9131136, 0, 1, 1, 1,  0
 1588809631,  9130327, 0, 1, 1, 1,  0
 1588809631,  9130515, 0, 1, 1, 1,  0
 1588809631,  9130367, 0, 1, 1, 1,  0
 1588809631,  9130856, 0, 1, 1, 1,  0
 1588809632,  9130249, 0, 1, 1, 1,  0
 1588809632,  9129878, 0, 1, 1, 1,  0
 1588809632,  9129658, 0, 1, 1, 1,  0
 1588809632,  9129315, 0, 1, 1, 1,  0
 1588809633,  9128237, 0, 1, 1, 1,  0
 1588809633,  9127432, 0, 1, 1, 1,  0
 1588809633,  9128284, 0, 1, 1, 1,  0
 1588809633,  9128067, 0, 1, 1, 1,  0
 1588809634,  9128498, 0, 1, 1, 1,  0
 1588809634,  9128086, 0, 1, 1, 1,  0
 1588809634,  9127475, 0, 1, 1, 1,  0
 1588809634,  9126574, 0, 1, 1, 1,  0
 1588809635,  9125460, 0, 1, 1, 1,  0
 1588809635,  9124664, 0, 1, 1, 1,  0
 1588809635,  9123595, 0, 1, 1, 1,  0
 1588809635,  9124428, 0, 1, 1, 1,  0
 1588809636,  9125366, 0, 1, 1, 1,  0
 1588809636,  9125209, 0, 1, 1, 1,  0
 1588809636,  9124223, 0, 1, 1, 1,  0
 1588809636,  9123192, 0, 1, 1, 1,  0
 1588809637,  9123713, 0, 1, 1, 1,  0
 1588809637,  9124203, 0, 1, 1, 1,  0
 1588809637,  9125278, 0, 1, 1, 1,  0
 1588809637,  9126275, 0, 1, 1, 1,  0
 1588809638,  9127165, 0, 1, 1, 1,  0
 1588809638,  9126020, 0, 1, 1, 1,  0
 1588809638,  9126943, 0, 1, 1, 1,  0
 1588809638,  9125823, 0, 1, 1, 1,  0
 1588809639,  9125630, 0, 1, 1, 1,  0
 1588809639,  9125204, 0, 1, 1, 1,  0
 1588809639,  9125337, 0, 1, 1, 1,  0
 1588809639,  9125301, 0, 1, 1, 1,  0
 1588809640,  9125269, 0, 1, 1, 1,  0
 1588809640,  9125947, 0, 1, 1, 1,  0
 1588809640,  9126769, 0, 1, 1, 1,  0
 1588809640,  9126859, 0, 1, 1, 1,  0
 1588809641,  9127932, 0, 1, 1, 1,  0
 1588809641,  9128405, 0, 1, 1, 1,  0
 1588809641,  9130261, 1, 1, 0, 1,  0
 1588809641,  9131354, 1, 1, 0, 1,  0
 1588809642,  9131446, 1, 1, 0, 1,  0
 1588809642,  9131511, 1, 1, 0, 1,  0
 1588809642,  9132488, 1, 1, 0, 1,  0
 1588809642,  9132687, 1, 1, 0, 1,  0
 1588809643,  9133178, 1, 1, 0, 1,  0
 1588809643,  9134307, 1, 1, 0, 1,  0
 1588809643,  9136124, 1, 1, 0, 1,  0
 1588809643,  9138338, 1, 1, 0, 1,  0
 1588809644,  9140095, 1, 1, 0, 1,  0
 1588809644,  9142148, 1, 1, 0, 1,  0
 1588809644,  9144117, 1, 1, 0, 1,  0
 1588809644,  9145216, 1, 1, 0, 1,  0
 1588809645,  9146144, 1, 1, 0, 1,  0
 1588809645,  9147573, 1, 1, 0, 1,  0
 1588809645,  9148055, 1, 1, 0, 1,  0
 1588809645,  9148694, 1, 1, 0, 1,  0
 1588809646,  9150200, 1, 1, 0, 1,  0
 1588809646,  9152391, 1, 1, 0, 1,  0
 1588809646,  9153132, 1, 1, 0, 1,  0
 1588809646,  9155232, 1, 1, 0, 1,  0
 1588809647,  9157784, 1, 1, 0, 1,  0
 1588809647,  9159445, 1, 1, 0, 1,  0
 1588809647,  9160331, 1, 1, 0, 1,  0
 1588809647,  9161672, 1, 1, 0, 1,  0
 1588809648,  9162833, 1, 1, 0, 1,  0
 1588809648,  9163362, 1, 1, 0, 1,  0
 1588809648,  9165580, 1, 1, 0, 1,  0
 1588809648,  9166199, 1, 1, 0, 1,  0
 1588809649,  9167988, 1, 1, 0, 1,  0
 1588809649,  9169666, 1, 1, 0, 1,  0
 1588809649,  9171376, 1, 1, 0, 1,  0
 1588809649,  9173249, 1, 1, 0, 1,  0
 1588809650,  9174540, 1, 1, 0, 1,  0
 1588809650,  9176768, 1, 1, 0, 1,  0
 1588809650,  9178374, 1, 1, 0, 1,  0
 1588809650,  9179683, 1, 1, 0, 1,  0
 1588809651,  9180160, 1, 1, 0, 1,  0
 1588809651,  9181132, 1, 1, 0, 1,  0
 1588809651,  9181761, 1, 1, 0, 1,  0
 1588809651,  9183931, 1, 1, 0, 1,  0
 1588809652,  9186447, 1, 1, 0, 1,  0
 1588809652,  9188965, 1, 1, 0, 1,  0
 1588809652,  9189311, 1, 1, 0, 1,  0
 1588809652,  9190261, 1, 1, 0, 1,  0
 1588809653,  9191707, 1, 1, 0, 1,  0
 1588809653,  9194392, 1, 1, 0, 1,  0
 1588809653,  9195866, 1, 1, 0, 1,  0
 1588809653,  9198260, 1, 1, 0, 1,  0
 1588809654,  9200605, 1, 1, 0, 1,  0
 1588809654,  9202248, 1, 1, 0, 1,  0
 1588809654,  9204197, 1, 1, 0, 1,  0
 1588809654,  9206105, 1, 1, 0, 1,  0
 1588809655,  9206849, 1, 1, 0, 1,  0
 1588809655,  9209517, 1, 1, 0, 1,  0
 1588809655,  9210191, 1, 1, 0, 1,  0
 1588809655,  9211478, 1, 1, 0, 1,  0
 1588809656,  9214050, 1, 1, 0, 1,  0
 1588809656,  9216746, 1, 1, 0, 1,  0
 1588809656,  9218448, 1, 1, 0, 1,  0
 1588809656,  9220197, 1, 1, 0, 1,  0
 1588809657,  9221515, 1, 1, 0, 1,  0
 1588809657,  9224266, 1, 1, 0, 1,  0
 1588809657,  9224816, 1, 1, 0, 1,  0
 1588809657,  9227183, 1, 1, 0, 1,  0
 1588809658,  9229512, 1, 1, 0, 1,  0
 1588809658,  9230976, 1, 1, 0, 1,  0
 1588809658,  9231987, 1, 1, 0, 1,  0
 1588809658,  9234521, 1, 1, 0, 1,  0
 1588809659,  9236241, 1, 1, 0, 1,  0
 1588809659,  9237594, 1, 1, 0, 1,  0
 1588809659,  9239166, 1, 1, 0, 1,  0
 1588809659,  9240698, 1, 1, 0, 1,  0
 1588809660,  9241422, 1, 1, 0, 1,  0
 1588809660,  9242585, 1, 1, 0, 1,  0
 1588809660,  9244306, 1, 1, 0, 1,  0
 1588809660,  9246141, 1, 1, 0, 1,  0
 1588809661,  9247246, 1, 1, 0, 1,  0
 1588809661,  9250090, 1, 1, 0, 1,  0
 1588809661,  9251125, 1, 1, 0, 1,  0
 1588809661,  9253773, 1, 1, 0, 1,  0
 1588809662,  9255485, 1, 1, 0, 1,  0
 1588809662,  9258087, 1, 1, 0, 1,  0
 1588809662,  9259852, 1, 1, 0, 1,  0
 1588809662,  9261474, 1, 1, 0, 1,  0
 1588809663,  9263501, 1, 1, 0, 1,  0
 1588809663,  9265090, 1, 1, 0, 1,  0
 1588809663,  9267577, 1, 1, 0, 1,  0
 1588809663,  9269345, 1, 1, 0, 1,  0
 1588809664,  9270792, 1, 1, 0, 1,  0
 1588809664,  9272136, 1, 1, 0, 1,  0
 1588809664,  9274762, 1, 1, 0, 1,  0
 1588809664,  9277065, 1, 1, 0, 1,  0
 1588809665,  9277852, 1, 1, 0, 1,  0
 1588809665,  9280551, 1, 1, 0, 1,  0
 1588809665,  9281898, 1, 1, 0, 1,  0
 1588809665,  9284519, 1, 1, 0, 1,  0
 1588809666,  9285778, 1, 1, 0, 1,  0
 1588809666,  9287626, 1, 1, 0, 1,  0
 1588809666,  9289425, 1, 1, 0, 1,  0
 1588809666,  9291440, 1, 1, 0, 1,  0
 1588809667,  9293668, 1, 1, 0, 1,  0
 1588809667,  9296058, 1, 1, 0, 1,  0
 1588809667,  9299052, 1, 1, 0, 1,  0
 1588809667,  9301442, 1, 1, 0, 1,  0
 1588809668,  9304425, 1, 1, 0, 1,  0
 1588809668,  9306160, 1, 1, 0, 1,  0
 1588809668,  9309363, 1, 1, 0, 1,  0
 1588809668,  9312419, 1, 1, 0, 1,  0
 1588809669,  9313558, 1, 1, 0, 1,  0
 1588809669,  9314783, 1, 1, 0, 1,  0
 1588809669,  9317029, 1, 1, 0, 1,  0
 1588809669,  9318815, 1, 1, 0, 1,  0
 1588809670,  9321567, 1, 1, 0, 1,  0
 1588809670,  9324495, 1, 1, 0, 1,  0
 1588809670,  9326813, 1, 1, 0, 1,  0
 1588809670,  9328527, 1, 1, 0, 1,  0
 1588809671,  9329972, 1, 1, 0, 1,  0
 1588809671,  9331695, 1, 1, 0, 1,  0
 1588809671,  9334051, 1, 1, 0, 1,  0
 1588809671,  9336245, 1, 1, 0, 1,  0
 1588809672,  9338168, 1, 1, 0, 1,  0
 1588809672,  9339597, 1, 1, 0, 1,  0
 1588809672,  9342933, 1, 1, 0, 1,  0
 1588809672,  9344909, 1, 1, 0, 1,  0
 1588809673,  9347859, 1, 1, 0, 1,  0
 1588809673,  9349390, 1, 1, 0, 1,  0
 1588809673,  9352792, 1, 1, 0, 1,  0
 1588809673,  9355795, 1, 1, 0, 1,  0
 1588809674,  9357960, 1, 1, 0, 1,  0
 1588809674,  9359537, 1, 1, 0, 1,  0
 1588809674,  9361358, 1, 1, 0, 1,  0
 1588809674,  9362545, 1, 1, 0, 1,  0
 1588809675,  9365697, 1, 1, 0, 1,  0
 1588809675,  9367289, 1, 1, 0, 1,  0
 1588809675,  9370035, 1, 1, 0, 1,  0
 1588809675,  9372492, 1, 1, 0, 1,  0
 1588809676,  9374533, 1, 1, 0, 1,  0
 1588809676,  9376786, 1, 1, 0, 1,  0
 1588809676,  9378595, 1, 1, 0, 1,  0
 1588809676,  9380463, 1, 1, 0, 1,  0
 1588809677,  9383054, 1, 1, 0, 1,  0
 1588809677,  9386213, 1, 1, 0, 1,  0
 1588809677,  9388527, 1, 1, 0, 1,  0
 1588809677,  9390120, 1, 1, 0, 1,  0
 1588809678,  9392885, 1, 1, 0, 1,  0
 1588809678,  9394184, 1, 1, 0, 1,  0
 1588809678,  9396114, 1, 1, 0, 1,  0
 1588809678,  9399374, 1, 1, 0, 1,  0
 1588809679,  9401436, 1, 1, 0, 1,  0
 1588809679,  9404753, 1, 1, 0, 1,  0
 1588809679,  9406391, 1, 1, 0, 1,  0
 1588809679,  9408953, 1, 1, 0, 1,  0
 1588809680,  9412266, 1, 1, 0, 1,  0
 1588809680,  9415798, 1, 1, 0, 1,  0
 1588809680,  9419320, 1, 1, 0, 1,  0
 1588809680,  9422157, 1, 1, 0, 1,  0
 1588809681,  9423784, 1, 1, 0, 1,  0
 1588809681,  9426826, 1, 1, 0, 1,  0
 1588809681,  9429211, 1, 1, 0, 1,  0
 1588809681,  9431940, 1, 1, 0, 1,  0
 1588809682,  9435486, 1, 1, 0, 1,  0
 1588809682,  9438611, 1, 1, 0, 1,  0
 1588809682,  9440998, 1, 1, 0, 1,  0
 1588809682,  9444193, 1, 1, 0, 1,  0
 1588809683,  9447363, 1, 1, 0, 1,  0
 1588809683,  9448974, 1, 1, 0, 1,  0
 1588809683,  9450659, 1, 1, 0, 1,  0
 1588809683,  9452329, 1, 1, 0, 1,  0
 1588809684,  9455043, 1, 1, 0, 1,  0
 1588809684,  9457378, 1, 1, 0, 1,  0
 1588809684,  9459311, 1, 1, 0, 1,  0
 1588809684,  9463001, 1, 1, 0, 1,  0
 1588809685,  9464906, 1, 1, 0, 1,  0
 1588809685,  9467954, 1, 1, 0, 1,  0
 1588809685,  9469628, 1, 1, 0, 1,  0
 1588809685,  9472643, 1, 1, 0, 1,  0
 1588809686,  9475326, 1, 1, 0, 1,  0
 1588809686,  9477691, 1, 1, 0, 1,  0
 1588809686,  9480317, 1, 1, 0, 1,  0
 1588809686,  9483368, 1, 1, 0, 1,  0
 1588809687,  9487346, 1, 1, 0, 1,  0
 1588809687,  9489896, 1, 1, 0, 1,  0
 1588809687,  9491819, 1, 1, 0, 1,  0
 1588809687,  9495412, 1, 1, 0, 1,  0
 1588809688,  9497785, 1, 1, 0, 1,  0
 1588809688,  9501477, 1, 1, 0, 1,  0
 1588809688,  9504178, 1, 1, 0, 1,  0
 1588809688,  9506404, 1, 1, 0, 1,  0
 1588809689,  9509390, 1, 1, 0, 1,  0
 1588809689,  9513119, 1, 1, 0, 1,  0
 1588809689,  9516705, 1, 1, 0, 1,  0
 1588809689,  9519458, 1, 1, 0, 1,  0
 1588809690,  9522522, 1, 1, 0, 1,  0
 1588809690,  9524697, 1, 1, 0, 1,  0
 1588809690,  9528801, 1, 1, 0, 1,  0
 1588809690,  9530779, 1, 1, 0, 1,  0
 1588809691,  9532700, 1, 1, 0, 1,  0
 1588809691,  9534650, 1, 1, 0, 1,  0
 1588809691,  9536849, 1, 1, 0, 1,  0
 1588809691,  9539589, 1, 1, 0, 1,  0
 1588809692,  9542403, 1, 1, 0, 1,  0
 1588809692,  9544618, 1, 1, 0, 1,  0
 1588809692,  9547156, 1, 1, 0, 1,  0
 1588809692,  9549937, 1, 1, 0, 1,  0
 1588809693,  9553252, 1, 1, 0, 1,  0
 1588809693,  9555506, 1, 1, 0, 1,  0
 1588809693,  9559769, 1, 1, 0, 1,  0
 1588809693,  9563787, 1, 1, 0, 1,  0
 1588809694,  9566416, 1, 1, 0, 1,  0
 1588809694,  9568904, 1, 1, 0, 1,  0
 1588809694,  9571997, 1, 1, 0, 1,  0
 1588809694,  9574619, 1, 1, 0, 1,  0
 1588809695,  9577625, 1, 1, 0, 1,  0
 1588809695,  9581035, 1, 1, 0, 1,  0
 1588809695,  9585197, 1, 1, 0, 1,  0
 1588809695,  9588948, 1, 1, 0, 1,  0
 1588809696,  9592011, 1, 1, 0, 1,  0
 1588809696,  9594824, 1, 1, 0, 1,  0
 1588809696,  9599142, 1, 1, 0, 1,  0
 1588809696,  9603521, 1, 1, 0, 1,  0
 1588809697,  9607945, 1, 1, 0, 1,  0
 1588809697,  9611320, 1, 1, 0, 1,  0
 1588809697,  9613912, 1, 1, 0, 1,  0
 1588809697,  9616850, 1, 1, 0, 1,  0
 1588809698,  9620240, 1, 1, 0, 1,  0
 1588809698,  9622800, 1, 1, 0, 1,  0
 1588809698,  9625970, 1, 1, 0, 1,  0
 1588809698,  9629088, 1, 1, 0, 1,  0
 1588809699,  9631830, 1, 1, 0, 1,  0
 1588809699,  9634984, 1, 1, 0, 1,  0
 1588809699,  9639052, 1, 1, 0, 1,  0
 1588809699,  9642371, 1, 1, 0, 1,  0
 1588809700,  9645927, 1, 1, 0, 1,  0
 1588809700,  9650274, 1, 1, 0, 1,  0
 1588809700,  9654541, 1, 1, 0, 1,  0
 1588809700,  9659131, 1, 1, 0, 1,  0
 1588809701,  9661475, 1, 1, 0, 1,  0
 1588809701,  9665301, 1, 1, 0, 1,  0
 1588809701,  9669631, 1, 1, 0, 1,  0
 1588809701,  9672281, 1, 1, 0, 1,  0
 1588809702,  9676695, 1, 1, 0, 1,  0
 1588809702,  9679806, 1, 1, 0, 1,  0
 1588809702,  9683155, 1, 1, 0, 1,  0
 1588809702,  9685805, 1, 1, 0, 1,  0
 1588809703,  9689946, 1, 1, 0, 1,  0
 1588809703,  9693100, 1, 1, 0, 1,  0
 1588809703,  9697534, 1, 1, 0, 1,  0
 1588809703,  9699923, 1, 1, 0, 1,  0
 1588809704,  9703464, 1, 1, 0, 1,  0
 1588809704,  9707378, 1, 1, 0, 1,  0
 1588809704,  9711697, 1, 1, 0, 1,  0
 1588809704,  9715237, 1, 1, 0, 1,  0
 1588809705,  9720056, 1, 1, 0, 1,  0
 1588809705,  9722520, 1, 1, 0, 1,  0
 1588809705,  9726504, 1, 1, 0, 1,  0
 1588809705,  9730242, 1, 1, 0, 1,  0
 1588809706,  9733185, 1, 1, 0, 1,  0
 1588809706,  9735846, 1, 1, 0, 1,  0
 1588809706,  9740162, 1, 1, 0, 1,  0
 1588809706,  9743732, 1, 1, 0, 1,  0
 1588809707,  9746984, 1, 1, 0, 1,  0
 1588809707,  9750393, 1, 1, 0, 1,  0
 1588809707,  9755131, 1, 1, 0, 1,  0
 1588809707,  9759342, 1, 1, 0, 1,  0
 1588809708,  9762525, 1, 1, 0, 1,  0
 1588809708,  9766508, 1, 1, 0, 1,  0
 1588809708,  9770712, 1, 1, 0, 1,  0
 1588809708,  9773595, 1, 1, 0, 1,  0
 1588809709,  9776784, 1, 1, 0, 1,  0
 1588809709,  9780251, 1, 1, 0, 1,  0
 1588809709,  9783540, 1, 1, 0, 1,  0
 1588809709,  9788452, 1, 1, 0, 1,  0
 1588809710,  9792763, 1, 1, 0, 1,  0
 1588809710,  9796686, 1, 1, 0, 1,  0
 1588809710,  9799557, 1, 1, 0, 1,  0
 1588809710,  9802869, 1, 1, 0, 1,  0
 1588809711,  9807196, 1, 1, 0, 1,  0
 1588809711,  9811738, 1, 1, 0, 1,  0
 1588809711,  9815101, 1, 1, 0, 1,  0
 1588809711,  9818218, 1, 1, 0, 1,  0
 1588809712,  9821476, 1, 1, 0, 1,  0
 1588809712,  9826348, 1, 1, 0, 1,  0
 1588809712,  9830183, 1, 1, 0, 1,  0
 1588809712,  9833461, 1, 1, 0, 1,  0
 1588809713,  9838387, 1, 1, 0, 1,  0
 1588809713,  9841383, 1, 1, 0, 1,  0
 1588809713,  9845529, 1, 1, 0, 1,  0
 1588809713,  9850516, 1, 1, 0, 1,  0
 1588809714,  9855681, 1, 1, 0, 1,  0
 1588809714,  9859274, 1, 1, 0, 1,  0
 1588809714,  9862511, 1, 1, 0, 1,  0
 1588809714,  9866033, 1, 1, 0, 1,  0
 1588809715,  9870528, 1, 1, 0, 1,  0
 1588809715,  9875550, 1, 1, 0, 1,  0
 1588809715,  9880753, 1, 1, 0, 1,  0
 1588809715,  9885452, 1, 1, 0, 1,  0
 1588809716,  9889501, 1, 1, 0, 1,  0
 1588809716,  9893504, 1, 1, 0, 1,  0
 1588809716,  9898071, 1, 1, 0, 1,  0
 1588809716,  9902281, 1, 1, 0, 1,  0
 1588809717,  9907146, 1, 1, 0, 1,  0
 1588809717,  9912385, 1, 1, 0, 1,  0
 1588809717,  9916041, 1, 1, 0, 1,  0
 1588809717,  9920174, 1, 1, 0, 1,  0
 1588809718,  9923846, 1, 1, 0, 1,  0
 1588809718,  9927270, 1, 1, 0, 1,  0
 1588809718,  9931600, 1, 1, 0, 1,  0
 1588809718,  9936907, 1, 1, 0, 1,  0
 1588809719,  9942170, 1, 1, 0, 1,  0
 1588809719,  9946711, 1, 1, 0, 1,  0
 1588809719,  9950006, 1, 1, 0, 1,  0
 1588809719,  9955350, 1, 1, 0, 1,  0
 1588809720,  9959608, 1, 1, 0, 1,  0
 1588809720,  9963971, 1, 1, 0, 1,  0
 1588809720,  9967413, 1, 1, 0, 1,  0
 1588809720,  9970968, 1, 1, 0, 1,  0
 1588809721,  9975087, 1, 1, 0, 1,  0
 1588809721,  9979422, 1, 1, 0, 1,  0
 1588809721,  9982734, 1, 1, 0, 1,  0
 1588809721,  9986776, 1, 1, 0, 1,  0
 1588809722,  9991412, 1, 1, 0, 1,  0
 1588809722,  9997058, 1, 1, 0, 1,  0
 1588809722,  10001305, 1, 1, 0, 1,  1
 1588809722,  10004706, 1, 1, 0, 1,  1
 1588809723,  10010067, 1, 1, 0, 1,  1
 1588809723,  10014196, 1, 1, 0, 1,  1
 1588809723,  10019364, 1, 1, 0, 1,  1
 1588809723,  10023428, 1, 1, 0, 1,  1
 1588809724,  10028166, 1, 1, 0, 1,  1
 1588809724,  10032529, 1, 1, 0, 1,  1
 1588809724,  10037383, 1, 1, 0, 1,  1
 1588809724,  10041589, 1, 1, 0, 1,  1
 1588809725,  10045344, 1, 1, 0, 1,  1
 1588809725,  10050832, 1, 1, 0, 1,  1
 1588809725,  10055699, 1, 1, 0, 1,  1
 1588809725,  10060077, 1, 1, 0, 1,  1
 1588809726,  10065927, 1, 1, 0, 1,  1
 1588809726,  10069649, 1, 1, 0, 1,  1
 1588809726,  10073846, 1, 1, 0, 1,  1
 1588809726,  10079022, 1, 1, 0, 1,  1
 1588809727,  10083734, 1, 1, 0, 1,  1
 1588809727,  10087662, 1, 1, 0, 1,  1
 1588809727,  10092640, 1, 1, 0, 1,  1
 1588809727,  10098457, 1, 1, 0, 1,  1
 1588809728,  10103146, 1, 1, 0, 1,  1
 1588809728,  10107950, 1, 1, 0, 1,  1
 1588809728,  10113694, 1, 1, 0, 1,  1
 1588809728,  10119297, 1, 1, 0, 1,  1
 1588809729,  10125217, 1, 1, 0, 1,  1
 1588809729,  10130604, 1, 1, 0, 1,  1
 1588809729,  10136566, 1, 1, 0, 1,  1
 1588809729,  10141461, 1, 1, 0, 1,  1
 1588809730,  10146820, 1, 1, 0, 1,  1
 1588809730,  10151341, 1, 1, 0, 1,  1
 1588809730,  10156337, 1, 1, 0, 1,  1
 1588809730,  10161343, 1, 1, 0, 1,  1
 1588809731,  10166230, 1, 1, 0, 1,  1
 1588809731,  10170653, 1, 1, 0, 1,  1
 1588809731,  10175933, 1, 1, 0, 1,  1
 1588809731,  10179790, 1, 1, 0, 1,  1
 1588809732,  10184759, 1, 1, 0, 1,  1
 1588809732,  10189098, 1, 1, 0, 1,  1
 1588809732,  10193316, 1, 1, 0, 1,  1
 1588809732,  10198182, 1, 1, 0, 1,  1
 1588809733,  10204138, 1, 1, 0, 1,  1
 1588809733,  10209775, 1, 1, 0, 1,  1
 1588809733,  10215557, 1, 1, 0, 1,  1
 1588809733,  10221051, 1, 1, 0, 1,  1
 1588809734,  10226484, 1, 1, 0, 1,  1
 1588809734,  10232525, 1, 1, 0, 1,  1
 1588809734,  10237276, 1, 1, 0, 1,  1
 1588809734,  10241489, 1, 1, 0, 1,  1
 1588809735,  10247913, 1, 1, 0, 1,  1
 1588809735,  10254084, 1, 1, 0, 1,  1
 1588809735,  10260107, 1, 1, 0, 1,  1
 1588809735,  10265233, 1, 1, 0, 1,  1
 1588809736,  10270207, 1, 1, 0, 1,  1
 1588809736,  10275958, 1, 1, 0, 1,  1
 1588809736,  10280222, 1, 1, 0, 1,  1
 1588809736,  10284637, 1, 1, 0, 1,  1
 1588809737,  10289282, 1, 1, 0, 1,  1
 1588809737,  10295838, 1, 1, 0, 1,  1
 1588809737,  10301464, 1, 1, 0, 1,  1
 1588809737,  10307770, 1, 1, 0, 1,  1
 1588809738,  10312298, 1, 1, 0, 1,  1
 1588809738,  10316793, 1, 1, 0, 1,  1
 1588809738,  10321964, 1, 1, 0, 1,  1
 1588809738,  10327189, 1, 1, 0, 1,  1
 1588809739,  10331904, 1, 1, 0, 1,  1
 1588809739,  10338138, 1, 1, 0, 1,  1
 1588809739,  10342987, 1, 1, 0, 1,  1
 1588809739,  10348425, 1, 1, 0, 1,  1
 1588809740,  10354738, 1, 1, 0, 1,  1
 1588809740,  10359968, 1, 1, 0, 1,  1
 1588809740,  10366420, 1, 1, 0, 1,  1
 1588809740,  10372421, 1, 1, 0, 1,  1
 1588809741,  10377006, 1, 1, 0, 1,  1
 1588809741,  10382509, 1, 1, 0, 1,  1
 1588809741,  10387693, 1, 1, 0, 1,  1
 1588809741,  10393787, 1, 1, 0, 1,  1
 1588809742,  10398991, 1, 1, 0, 1,  1
 1588809742,  10404538, 1, 1, 0, 1,  1
 1588809742,  10410442, 1, 1, 0, 1,  1
 1588809742,  10415687, 1, 1, 0, 1,  1
 1588809743,  10420572, 1, 1, 0, 1,  1
 1588809743,  10426087, 1, 1, 0, 1,  1
 1588809743,  10431997, 1, 1, 0, 1,  1
 1588809743,  10437380, 1, 1, 0, 1,  1
 1588809744,  10444156, 1, 1, 0, 1,  1
 1588809744,  10450262, 1, 1, 0, 1,  1
 1588809744,  10455978, 1, 1, 0, 1,  1
 1588809744,  10460901, 1, 1, 0, 1,  1
 1588809745,  10466613, 1, 1, 0, 1,  1
 1588809745,  10471427, 1, 1, 0, 1,  1
 1588809745,  10476115, 1, 1, 0, 1,  1
 1588809745,  10482199, 1, 1, 0, 1,  1
 1588809746,  10486902, 1, 1, 0, 1,  1
 1588809746,  10492140, 1, 1, 0, 1,  1
 1588809746,  10498813, 1, 1, 0, 1,  1
 1588809746,  10503582, 1, 1, 0, 1,  1
 1588809747,  10510389, 1, 1, 0, 1,  1
 1588809747,  10515267, 1, 1, 0, 1,  1
 1588809747,  10521215, 1, 1, 0, 1,  1
 1588809747,  10527660, 1, 1, 0, 1,  1
 1588809748,  10533044, 1, 1, 0, 1,  1
 1588809748,  10538739, 1, 1, 0, 1,  1
 1588809748,  10544030, 1, 1, 0, 1,  1
 1588809748,  10549665, 1, 1, 0, 1,  1
 1588809749,  10556515, 1, 1, 0, 1,  1
 1588809749,  10562192, 1, 1, 0, 1,  1
 1588809749,  10569107, 1, 1, 0, 1,  1
 1588809749,  10574367, 1, 1, 0, 1,  1
 1588809750,  10581182, 1, 1, 0, 1,  1
 1588809750,  10586741, 1, 1, 0, 1,  1
 1588809750,  10592373, 1, 1, 0, 1,  1
 1588809750,  10599620, 1, 1, 0, 1,  1
 1588809751,  10606227, 1, 1, 0, 1,  1
 1588809751,  10612850, 1, 1, 0, 1,  1
 1588809751,  10618582, 1, 1, 0, 1,  1
 1588809751,  10624616, 1, 1, 0, 1,  1
 1588809752,  10629980, 1, 1, 0, 1,  1
 1588809752,  10636884, 1, 1, 0, 1,  1
 1588809752,  10643283, 1, 1, 0, 1,  1
 1588809752,  10649786, 1, 1, 0, 1,  1
 1588809753,  10656480, 1, 1, 0, 1,  1
 1588809753,  10662527, 1, 1, 0, 1,  1
 1588809753,  10670060, 1, 1, 0, 1,  1
 1588809753,  10676824, 1, 1, 0, 1,  1
 1588809754,  10683023, 1, 1, 0, 1,  1
 1588809754,  10689727, 1, 1, 0, 1,  1
 1588809754,  10696579, 1, 1, 0, 1,  1
 1588809754,  10702488, 1, 1, 0, 1,  1
 1588809755,  10709359, 1, 1, 0, 1,  1
 1588809755,  10716996, 1, 1, 0, 1,  1
 1588809755,  10724608, 1, 1, 0, 1,  1
 1588809755,  10732105, 1, 1, 0, 1,  1
 1588809756,  10738263, 1, 1, 0, 1,  1
 1588809756,  10745942, 1, 1, 0, 1,  1
 1588809756,  10751433, 1, 1, 0, 1,  1
 1588809756,  10759187, 1, 1, 0, 1,  1
 1588809757,  10765307, 1, 1, 0, 1,  1
 1588809757,  10772427, 1, 1, 0, 1,  1
 1588809757,  10780138, 1, 1, 0, 1,  1
 1588809757,  10785790, 1, 1, 0, 1,  1
 1588809758,  10793573, 1, 1, 0, 1,  1
 1588809758,  10799166, 1, 1, 0, 1,  1
 1588809758,  10806701, 1, 1, 0, 1,  1
 1588809758,  10813310, 1, 1, 0, 1,  1
 1588809759,  10820567, 1, 1, 0, 1,  1
 1588809759,  10826458, 1, 1, 0, 1,  1
 1588809759,  10834109, 1, 1, 0, 1,  1
 1588809759,  10841723, 1, 1, 0, 1,  1
 1588809760,  10849060, 1, 1, 0, 1,  1
 1588809760,  10855670, 1, 1, 0, 1,  1
 1588809760,  10861896, 1, 1, 0, 1,  1
 1588809760,  10868019, 1, 1, 0, 1,  1
 1588809761,  10875590, 1, 1, 0, 1,  1
 1588809761,  10881409, 1, 1, 0, 1,  1
 1588809761,  10888742, 1, 1, 0, 1,  1
 1588809761,  10894542, 1, 1, 0, 1,  1
 1588809762,  10901916, 1, 1, 0, 1,  1
 1588809762,  10908534, 1, 1, 0, 1,  1
 1588809762,  10915060, 1, 1, 0, 1,  1
 1588809762,  10921270, 1, 1, 0, 1,  1
 1588809763,  10927474, 1, 1, 0, 1,  1
 1588809763,  10933546, 1, 1, 0, 1,  1
 1588809763,  10939607, 1, 1, 0, 1,  1
 1588809763,  10946708, 1, 1, 0, 1,  1
 1588809764,  10952781, 1, 1, 0, 1,  1
 1588809764,  10961005, 1, 1, 0, 1,  1
 1588809764,  10968148, 1, 1, 0, 1,  1
 1588809764,  10975014, 1, 1, 0, 1,  1
 1588809765,  10982615, 1, 1, 0, 1,  1
 1588809765,  10989274, 1, 1, 0, 1,  1
 1588809765,  10995982, 1, 1, 0, 1,  1
 1588809765,  11003138, 1, 1, 0, 1,  1
 1588809766,  11009984, 1, 1, 0, 1,  1
 1588809766,  11016403, 1, 1, 0, 1,  1
 1588809766,  11024728, 1, 1, 0, 1,  1
 1588809766,  11032939, 1, 1, 0, 1,  1
 1588809767,  11039340, 1, 1, 0, 1,  1
 1588809767,  11047426, 1, 1, 0, 1,  1
 1588809767,  11055345, 1, 1, 0, 1,  1
 1588809767,  11063125, 1, 1, 0, 1,  1
 1588809768,  11069447, 1, 1, 0, 1,  1
 1588809768,  11077601, 1, 1, 0, 1,  1
 1588809768,  11085934, 1, 1, 0, 1,  1
 1588809768,  11093803, 1, 1, 0, 1,  1
 1588809769,  11102173, 1, 1, 0, 1,  1
 1588809769,  11109818, 1, 1, 0, 1,  1
 1588809769,  11117850, 1, 1, 0, 1,  1
 1588809769,  11125104, 1, 1, 0, 1,  1
 1588809770,  11133261, 1, 1, 0, 1,  1
 1588809770,  11139732, 1, 1, 0, 1,  1
 1588809770,  11147493, 1, 1, 0, 1,  1
 1588809770,  11156134, 1, 1, 0, 1,  1
 1588809771,  11162505, 1, 1, 0, 1,  1
 1588809771,  11170138, 1, 1, 0, 1,  1
 1588809771,  11177273, 1, 1, 0, 1,  1
 1588809771,  11183931, 1, 1, 0, 1,  1
 1588809772,  11191584, 1, 1, 0, 1,  1
 1588809772,  11199606, 1, 1, 0, 1,  1
 1588809772,  11206857, 1, 1, 0, 1,  1
 1588809772,  11213420, 1, 1, 0, 1,  1
 1588809773,  11222232, 1, 1, 0, 1,  1
 1588809773,  11230303, 1, 1, 0, 1,  1
 1588809773,  11238118, 1, 1, 0, 1,  1
 1588809773,  11245017, 1, 1, 0, 1,  1
 1588809774,  11253133, 1, 1, 0, 1,  1
 1588809774,  11260917, 1, 1, 0, 1,  1
 1588809774,  11267654, 1, 1, 0, 1,  1
 1588809774,  11276182, 1, 1, 0, 1,  1
 1588809775,  11283208, 1, 1, 0, 1,  1
 1588809775,  11291405, 1, 1, 0, 1,  1
 1588809775,  11298837, 1, 1, 0, 1,  1
 1588809775,  11306128, 1, 1, 0, 1,  1
 1588809776,  11314004, 1, 1, 0, 1,  1
 1588809776,  11320841, 1, 1, 0, 1,  1
 1588809776,  11329895, 1, 1, 0, 1,  1
 1588809776,  11337180, 1, 1, 0, 1,  1
 1588809777,  11345519, 1, 1, 0, 1,  1
 1588809777,  11354044, 1, 1, 0, 1,  1
 1588809777,  11361970, 1, 1, 0, 1,  1
 1588809777,  11369436, 1, 1, 0, 1,  1
 1588809778,  11377786, 1, 1, 0, 1,  1
 1588809778,  11384845, 1, 1, 0, 1,  1
 1588809778,  11391871, 1, 1, 0, 1,  1
 1588809778,  11400330, 1, 1, 0, 1,  1
 1588809779,  11408742, 1, 1, 0, 1,  1
 1588809779,  11416170, 1, 1, 0, 1,  1
 1588809779,  11424536, 1, 1, 0, 1,  1
 1588809779,  11433833, 1, 1, 0, 1,  1
 1588809780,  11442935, 1, 1, 0, 1,  1
 1588809780,  11452185, 1, 1, 0, 1,  1
 1588809780,  11459260, 1, 1, 0, 1,  1
 1588809780,  11467935, 1, 1, 0, 1,  1
 1588809781,  11476436, 1, 1, 0, 1,  1
 1588809781,  11484889, 1, 1, 0, 1,  1
 1588809781,  11494009, 1, 1, 0, 1,  1
 1588809781,  11501318, 1, 1, 0, 1,  1
 1588809782,  11510630, 1, 1, 0, 1,  1
 1588809782,  11519981, 1, 1, 0, 1,  1
 1588809782,  11529294, 1, 1, 0, 1,  1
 1588809782,  11536690, 1, 1, 0, 1,  1
 1588809783,  11545278, 1, 1, 0, 1,  1
 1588809783,  11552609, 1, 1, 0, 1,  1
 1588809783,  11560702, 1, 1, 0, 1,  1
 1588809783,  11570118, 1, 1, 0, 1,  1
 1588809784,  11577656, 1, 1, 0, 1,  1
 1588809784,  11585319, 1, 1, 0, 1,  1
 1588809784,  11594919, 1, 1, 0, 1,  1
 1588809784,  11603677, 1, 1, 0, 1,  1
 1588809785,  11612729, 1, 1, 0, 1,  1
 1588809785,  11621135, 1, 1, 0, 1,  1
 1588809785,  11630624, 1, 1, 0, 1,  1
 1588809785,  11638870, 1, 1, 0, 1,  1
 1588809786,  11647127, 1, 1, 0, 1,  1
 1588809786,  11656415, 1, 1, 0, 1,  1
 1588809786,  11665877, 1, 1, 0, 1,  1
 1588809786,  11675721, 1, 1, 0, 1,  1
 1588809787,  11683192, 1, 1, 0, 1,  1
 1588809787,  11691757, 1, 1, 0, 1,  1
 1588809787,  11701616, 1, 1, 0, 1,  1
 1588809787,  11711291, 1, 1, 0, 1,  1
 1588809788,  11719790, 1, 1, 0, 1,  1
 1588809788,  11729355, 1, 1, 0, 1,  1
 1588809788,  11737916, 1, 1, 0, 1,  1
 1588809788,  11747510, 1, 1, 0, 1,  1
 1588809789,  11756140, 1, 1, 0, 1,  1
 1588809789,  11764415, 1, 1, 0, 1,  1
 1588809789,  11774294, 1, 1, 0, 1,  1
 1588809789,  11782357, 1, 1, 0, 1,  1
 1588809790,  11790085, 1, 1, 0, 1,  1
 1588809790,  11799362, 1, 1, 0, 1,  1
 1588809790,  11807725, 1, 1, 0, 1,  1
 1588809790,  11816490, 1, 1, 0, 1,  1
 1588809791,  11825965, 1, 1, 0, 1,  1
 1588809791,  11834834, 1, 1, 0, 1,  1
 1588809791,  11843445, 1, 1, 0, 1,  1
 1588809791,  11853270, 1, 1, 0, 1,  1
 1588809792,  11862596, 1, 1, 0, 1,  1
 1588809792,  11870745, 1, 1, 0, 1,  1
 1588809792,  11879248, 1, 1, 0, 1,  1
 1588809792,  11887963, 1, 1, 0, 1,  1
 1588809793,  11896802, 1, 1, 0, 1,  1
 1588809793,  11905094, 1, 1, 0, 1,  1
 1588809793,  11914302, 1, 1, 0, 1,  1
 1588809793,  11924063, 1, 1, 0, 1,  1
 1588809794,  11933853, 1, 1, 0, 1,  1
 1588809794,  11942750, 1, 1, 0, 1,  1
 1588809794,  11952563, 1, 1, 0, 1,  1
 1588809794,  11962416, 1, 1, 0, 1,  1
 1588809795,  11972450, 1, 1, 0, 1,  1
 1588809795,  11981838, 1, 1, 0, 1,  1
 1588809795,  11991064, 1, 1, 0, 1,  1
 1588809795,  11999712, 1, 1, 0, 1,  1
 1588809796,  12008326, 1, 1, 0, 1,  1
 1588809796,  12018593, 1, 1, 0, 1,  1
 1588809796,  12028859, 1, 1, 0, 1,  1
 1588809796,  12038546, 1, 1, 0, 1,  1
 1588809797,  12049074, 1, 1, 0, 1,  1
 1588809797,  12059222, 1, 1, 0, 1,  1
 1588809797,  12068921, 1, 1, 0, 1,  1
 1588809797,  12079544, 1, 1, 0, 1,  1
 1588809798,  12088916, 1, 1, 0, 1,  1
 1588809798,  12099306, 1, 1, 0, 1,  1
 1588809798,  12108603, 1, 1, 0, 1,  1
 1588809798,  12119304, 1, 1, 0, 1,  1
 1588809799,  12127998, 1, 1, 0, 1,  1
 1588809799,  12137723, 1, 1, 0, 1,  1
 1588809799,  12147646, 1, 1, 0, 1,  1
 1588809799,  12157445, 1, 1, 0, 1,  1
 1588809800,  12167078, 1, 1, 0, 1,  1
 1588809800,  12177682, 1, 1, 0, 1,  1
 1588809800,  12187918, 1, 1, 0, 1,  1
 1588809800,  12198530, 1, 1, 0, 1,  1
 1588809801,  12209110, 1, 1, 0, 1,  1
 1588809801,  12218255, 1, 1, 0, 1,  1
 1588809801,  12228310, 1, 1, 0, 1,  1
 1588809801,  12238344, 1, 1, 0, 1,  1
 1588809802,  12247993, 1, 1, 0, 1,  1
 1588809802,  12257048, 1, 1, 0, 1,  1
 1588809802,  12266539, 1, 1, 0, 1,  1
 1588809802,  12275808, 1, 1, 0, 1,  1
 1588809803,  12285783, 1, 1, 0, 1,  1
 1588809803,  12296012, 1, 1, 0, 1,  1
 1588809803,  12305422, 1, 1, 0, 1,  1
 1588809803,  12315922, 1, 1, 0, 1,  1
 1588809804,  12325907, 1, 1, 0, 1,  1
 1588809804,  12335054, 1, 1, 0, 1,  1
 1588809804,  12344255, 1, 1, 0, 1,  1
 1588809804,  12354200, 1, 1, 0, 1,  1
 1588809805,  12364872, 1, 1, 0, 1,  1
 1588809805,  12375565, 1, 1, 0, 1,  1
 1588809805,  12385506, 1, 1, 0, 1,  1
 1588809805,  12394468, 1, 1, 0, 1,  1
 1588809806,  12404449, 1, 1, 0, 1,  1
 1588809806,  12414966, 1, 1, 0, 1,  1
 1588809806,  12426325, 1, 1, 0, 1,  1
 1588809806,  12436677, 1, 1, 0, 1,  1
 1588809807,  12445740, 1, 1, 0, 1,  1
 1588809807,  12455824, 1, 1, 0, 1,  1
 1588809807,  12467157, 1, 1, 0, 1,  1
 1588809807,  12477451, 1, 1, 0, 1,  1
 1588809808,  12487317, 1, 1, 0, 1,  1
 1588809808,  12498044, 1, 1, 0, 1,  1
 1588809808,  12508089, 1, 1, 0, 1,  1
 1588809808,  12517654, 1, 1, 0, 1,  1
 1588809809,  12528590, 1, 1, 0, 1,  1
 1588809809,  12540171, 1, 1, 0, 1,  1
 1588809809,  12551230, 1, 1, 0, 1,  1
 1588809809,  12560856, 1, 1, 0, 1,  1
 1588809810,  12570512, 1, 1, 0, 1,  1
 1588809810,  12582027, 1, 1, 0, 1,  1
 1588809810,  12591868, 1, 1, 0, 1,  1
 1588809810,  12602861, 1, 1, 0, 1,  1
 1588809811,  12613547, 1, 1, 0, 1,  1
 1588809811,  12623684, 1, 1, 0, 1,  1
 1588809811,  12634078, 1, 1, 0, 1,  1
 1588809811,  12645595, 1, 1, 0, 1,  1
 1588809812,  12655705, 1, 1, 0, 1,  1
 1588809812,  12666542, 1, 1, 0, 1,  1
 1588809812,  12676824, 1, 1, 0, 1,  1
 1588809812,  12686407, 1, 1, 0, 1,  1
 1588809813,  12696718, 1, 1, 0, 1,  1
 1588809813,  12707667, 1, 1, 0, 1,  1
 1588809813,  12717354, 1, 1, 0, 1,  1
 1588809813,  12728768, 1, 1, 0, 1,  1
 1588809814,  12738937, 1, 1, 0, 1,  1
 1588809814,  12750631, 1, 1, 0, 1,  1
 1588809814,  12760621, 1, 1, 0, 1,  1
 1588809814,  12770894, 1, 1, 0, 1,  1
 1588809815,  12781292, 1, 1, 0, 1,  1
 1588809815,  12791216, 1, 1, 0, 1,  1
 1588809815,  12802765, 1, 1, 0, 1,  1
 1588809815,  12813554, 1, 1, 0, 1,  1
 1588809816,  12825147, 1, 1, 0, 1,  1
 1588809816,  12837227, 1, 1, 0, 1,  1
 1588809816,  12848481, 1, 1, 0, 1,  1
 1588809816,  12859053, 1, 1, 0, 1,  1
 1588809817,  12871172, 1, 1, 0, 1,  1
 1588809817,  12881488, 1, 1, 0, 1,  1
 1588809817,  12892505, 1, 1, 0, 1,  1
 1588809817,  12904643, 1, 1, 0, 1,  1
 1588809818,  12916816, 1, 1, 0, 1,  1
 1588809818,  12927996, 1, 1, 0, 1,  1
 1588809818,  12939463, 1, 1, 0, 1,  1
 1588809818,  12950637, 1, 1, 0, 1,  1
 1588809819,  12962650, 1, 1, 0, 1,  1
 1588809819,  12974751, 1, 1, 0, 1,  1
 1588809819,  12985261, 1, 1, 0, 1,  1
 1588809819,  12995618, 1, 1, 0, 1,  1
 1588809820,  13006768, 1, 1, 0, 1,  1
 1588809820,  13018153, 1, 1, 0, 1,  1
 1588809820,  13030631, 1, 1, 0, 1,  1
 1588809820,  13042208, 1, 1, 0, 1,  1
 1588809821,  13052674, 1, 1, 0, 1,  1
 1588809821,  13064915, 1, 1, 0, 1,  1
 1588809821,  13075559, 1, 1, 0, 1,  1
 1588809821,  13086228, 1, 1, 0, 1,  1
 1588809822,  13098210, 1, 1, 0, 1,  1
 1588809822,  13108836, 1, 1, 0, 1,  1
 1588809822,  13119749, 1, 1, 0, 1,  1
 1588809822,  13132079, 1, 1, 0, 1,  1
 1588809823,  13142996, 1, 1, 0, 1,  1
 1588809823,  13155366, 1, 1, 0, 1,  1
 1588809823,  13166408, 1, 1, 0, 1,  1
 1588809823,  13178784, 1, 1, 0, 1,  1
 1588809824,  13191115, 1, 1, 0, 1,  1
 1588809824,  13203236, 1, 1, 0, 1,  1
 1588809824,  13214023, 1, 1, 0, 1,  1
 1588809824,  13225856, 1, 1, 0, 1,  1
 1588809825,  13238054, 1, 1, 0, 1,  1
 1588809825,  13249600, 1, 1, 0, 1,  1
 1588809825,  13261326, 1, 1, 0, 1,  1
 1588809825,  13273432, 1, 1, 0, 1,  1
 1588809826,  13285836, 1, 1, 0, 1,  1
 1588809826,  13296721, 1, 1, 0, 1,  1
 1588809826,  13309638, 1, 1, 0, 1,  1
 1588809826,  13321706, 1, 1, 0, 1,  1
 1588809827,  13334285, 1, 1, 0, 1,  1
 1588809827,  13345319, 1, 1, 0, 1,  1
 1588809827,  13357295, 1, 1, 0, 1,  1
 1588809827,  13368154, 1, 1, 0, 1,  1
 1588809828,  13380520, 1, 1, 0, 1,  1
 1588809828,  13392497, 1, 1, 0, 1,  1
 1588809828,  13404836, 1, 1, 0, 1,  1
 1588809828,  13417114, 1, 1, 0, 1,  1
 1588809829,  13428355, 1, 1, 0, 1,  1
 1588809829,  13440741, 1, 1, 0, 1,  1
 1588809829,  13453069, 1, 1, 0, 1,  1
 1588809829,  13465652, 1, 1, 0, 1,  1
 1588809830,  13478439, 1, 1, 0, 1,  1
 1588809830,  13490997, 1, 1, 0, 1,  1
 1588809830,  13503241, 1, 1, 0, 1,  1
 1588809830,  13516219, 1, 1, 0, 1,  1
 1588809831,  13527999, 1, 1, 0, 1,  1
 1588809831,  13540516, 1, 1, 0, 1,  1
 1588809831,  13552679, 1, 1, 0, 1,  1
 1588809831,  13564015, 1, 1, 0, 1,  1
 1588809832,  13575856, 1, 1, 0, 1,  1
 1588809832,  13588389, 1, 1, 0, 1,  1
 1588809832,  13601117, 1, 1, 0, 1,  1
 1588809832,  13614694, 1, 1, 0, 1,  1
 1588809833,  13627854, 1, 1, 0, 1,  1
 1588809833,  13641367, 1, 1, 0, 1,  1
 1588809833,  13654123, 1, 1, 0, 1,  1
 1588809833,  13666738, 1, 1, 0, 1,  1
 1588809834,  13680130, 1, 1, 0, 1,  1
 1588809834,  13692376, 1, 1, 0, 1,  1
 1588809834,  13706009, 1, 1, 0, 1,  1
 1588809834,  13718944, 1, 1, 0, 1,  1
 1588809835,  13731567, 1, 1, 0, 1,  1
 1588809835,  13743660, 1, 1, 0, 1,  1
 1588809835,  13756754, 1, 1, 0, 1,  1
 1588809835,  13770584, 1, 1, 0, 1,  1
 1588809836,  13783474, 1, 1, 0, 1,  1
 1588809836,  13795303, 1, 1, 0, 1,  1
 1588809836,  13807786, 1, 1, 0, 1,  1
 1588809836,  13821108, 1, 1, 0, 1,  1
 1588809837,  13834491, 1, 1, 0, 1,  1
 1588809837,  13848012, 1, 1, 0, 1,  1
 1588809837,  13860639, 1, 1, 0, 1,  1
 1588809837,  13873074, 1, 1, 0, 1,  1
 1588809838,  13885832, 1, 1, 0, 1,  1
 1588809838,  13899326, 1, 1, 0, 1,  1
 1588809838,  13913340, 1, 1, 0, 1,  1
 1588809838,  13926893, 1, 1, 0, 1,  1
 1588809839,  13939496, 1, 1, 0, 1,  1
 1588809839,  13952243, 1, 1, 0, 1,  1
 1588809839,  13965643, 1, 1, 0, 1,  1
 1588809839,  13978576, 1, 1, 0, 1,  1
 1588809840,  13992759, 1, 1, 0, 1,  1
 1588809840,  14004932, 1, 1, 0, 1,  1
 1588809840,  14017902, 1, 1, 0, 1,  1
 1588809840,  14031245, 1, 1, 0, 1,  1
 1588809841,  14043345, 1, 1, 0, 1,  1
 1588809841,  14057428, 1, 1, 0, 1,  1
 1588809841,  14071720, 1, 1, 0, 1,  1
 1588809841,  14085960, 1, 1, 0, 1,  1
 1588809842,  14098177, 1, 1, 0, 1,  1
 1588809842,  14111968, 1, 1, 0, 1,  1
 1588809842,  14125423, 1, 1, 0, 1,  1
 1588809842,  14138922, 1, 1, 0, 1,  1
 1588809843,  14153442, 1, 1, 0, 1,  1
 1588809843,  14165767, 1, 1, 0, 1,  1
 1588809843,  14178850, 1, 1, 0, 1,  1
 1588809843,  14191992, 1, 1, 0, 1,  1
 1588809844,  14204692, 1, 1, 0, 1,  1
 1588809844,  14218783, 1, 1, 0, 1,  1
 1588809844,  14231347, 1, 1, 0, 1,  1
 1588809844,  14245473, 1, 1, 0, 1,  1
 1588809845,  14258703, 1, 1, 0, 1,  1
 1588809845,  14271891, 1, 1, 0, 1,  1
 1588809845,  14286427, 1, 1, 0, 1,  1
 1588809845,  14300368, 1, 1, 0, 1,  1
 1588809846,  14313015, 1, 1, 0, 1,  1
 1588809846,  14327507, 1, 1, 0, 1,  1
 1588809846,  14340920, 1, 1, 0, 1,  1
 1588809846,  14354469, 1, 1, 0, 1,  1
 1588809847,  14367582, 1, 1, 0, 1,  1
 1588809847,  14382211, 1, 1, 0, 1,  1
 1588809847,  14396486, 1, 1, 0, 1,  1
 1588809847,  14409587, 1, 1, 0, 1,  1
 1588809848,  14424573, 1, 1, 0, 1,  1
 1588809848,  14437577, 1, 1, 0, 1,  1
 1588809848,  14451724, 1, 1, 0, 1,  1
 1588809848,  14466488, 1, 1, 0, 1,  1
 1588809849,  14481232, 1, 1, 0, 1,  1
 1588809849,  14494903, 1, 1, 0, 1,  1
 1588809849,  14509552, 1, 1, 0, 1,  1
 1588809849,  14524536, 1, 1, 0, 1,  1
 1588809850,  14537597, 1, 1, 0, 1,  1
 1588809850,  14550841, 1, 1, 0, 1,  1
 1588809850,  14564441, 1, 1, 0, 1,  1
 1588809850,  14579517, 1, 1, 0, 1,  1
 1588809851,  14592994, 1, 1, 0, 1,  1
 1588809851,  14607127, 1, 1, 0, 1,  1
 1588809851,  14620807, 1, 1, 0, 1,  1
 1588809851,  14634388, 1, 1, 0, 1,  1
 1588809852,  14648026, 1, 1, 0, 1,  1
 1588809852,  14662062, 1, 1, 0, 1,  1
 1588809852,  14675137, 1, 1, 0, 1,  1
 1588809852,  14689316, 1, 1, 0, 1,  1
 1588809853,  14704265, 1, 1, 0, 1,  1
 1588809853,  14719576, 1, 1, 0, 1,  1
 1588809853,  14732972, 1, 1, 0, 1,  1
 1588809853,  14747786, 1, 1, 0, 1,  1
 1588809854,  14762819, 1, 1, 0, 1,  1
 1588809854,  14776799, 1, 1, 0, 1,  1
 1588809854,  14792309, 1, 1, 0, 1,  1
 1588809854,  14805614, 1, 1, 0, 1,  1
 1588809855,  14819359, 1, 1, 0, 1,  1
 1588809855,  14834257, 1, 1, 0, 1,  1
 1588809855,  14847717, 1, 1, 0, 1,  1
 1588809855,  14861077, 1, 1, 0, 1,  1
 1588809856,  14876422, 1, 1, 0, 1,  1
 1588809856,  14891012, 1, 1, 0, 1,  1
 1588809856,  14906532, 1, 1, 0, 1,  1
 1588809856,  14921157, 1, 1, 0, 1,  1
 1588809857,  14936768, 1, 1, 0, 1,  1
 1588809857,  14951426, 1, 1, 0, 1,  1
 1588809857,  14965500, 1, 1, 0, 1,  1
 1588809857,  14981014, 1, 1, 0, 1,  1
 1588809858,  14996171, 1, 1, 0, 1,  1
 1588809858,  15010640, 1, 1, 0, 1,  1
 1588809858,  15026037, 1, 1, 0, 1,  1
 1588809858,  15041419, 1, 1, 0, 1,  1
 1588809859,  15057181, 1, 1, 0, 1,  1
 1588809859,  15070995, 1, 1, 0, 1,  1
 1588809859,  15086634, 1, 1, 0, 1,  1
 1588809859,  15102687, 1, 1, 0, 1,  1
 1588809860,  15117166, 1, 1, 0, 1,  1
 1588809860,  15132485, 1, 1, 0, 1,  1
 1588809860,  15147335, 1, 1, 0, 1,  1
 1588809860,  15163320, 1, 1, 0, 1,  1
 1588809861,  15178084, 1, 1, 0, 1,  1
 1588809861,  15193275, 1, 1, 0, 1,  1
 1588809861,  15208596, 1, 1, 0, 1,  1
 1588809861,  15224855, 1, 1, 0, 1,  1
 1588809862,  15240901, 1, 1, 0, 1,  1
 1588809862,  15256181, 1, 1, 0, 1,  1
 1588809862,  15272570, 1, 1, 0, 1,  1
 1588809862,  15288727, 1, 1, 0, 1,  1
 1588809863,  15303282, 1, 1, 0, 1,  1
 1588809863,  15319449, 1, 1, 0, 1,  1
 1588809863,  15335697, 1, 1, 0, 1,  1
 1588809863,  15351868, 1, 1, 0, 1,  1
 1588809864,  15366472, 1, 1, 0, 1,  1
 1588809864,  15382498, 1, 1, 0, 1,  1
 1588809864,  15397090, 1, 1, 0, 1,  1
 1588809864,  15411513, 1, 1, 0, 1,  1
 1588809865,  15426382, 1, 1, 0, 1,  1
 1588809865,  15441610, 1, 1, 0, 1,  1
 1588809865,  15457649, 1, 1, 0, 1,  1
 1588809865,  15473752, 1, 1, 0, 1,  1
 1588809866,  15489503, 1, 1, 0, 1,  1
 1588809866,  15505003, 1, 1, 0, 1,  1
 1588809866,  15520092, 1, 1, 0, 1,  1
 1588809866,  15535620, 1, 1, 0, 1,  1
 1588809867,  15550889, 1, 1, 0, 1,  1
 1588809867,  15565583, 1, 1, 0, 1,  1
 1588809867,  15581107, 1, 1, 0, 1,  1
 1588809867,  15597174, 1, 1, 0, 1,  1
 1588809868,  15613482, 1, 1, 0, 1,  1
 1588809868,  15629689, 1, 1, 0, 1,  1
 1588809868,  15645149, 1, 1, 0, 1,  1
 1588809868,  15660040, 1, 1, 0, 1,  1
 1588809869,  15675233, 1, 1, 0, 1,  1
 1588809869,  15691750, 1, 1, 0, 1,  1
 1588809869,  15706646, 1, 1, 0, 1,  1
 1588809869,  15723572, 1, 1, 0, 1,  1
 1588809870,  15739066, 1, 1, 0, 1,  1
 1588809870,  15755988, 1, 1, 0, 1,  1
 1588809870,  15772720, 1, 1, 0, 1,  1
 1588809870,  15788357, 1, 1, 0, 1,  1
 1588809871,  15804609, 1, 1, 0, 1,  1
 1588809871,  15821163, 1, 1, 0, 1,  1
 1588809871,  15836084, 1, 1, 0, 1,  1
 1588809871,  15852430, 1, 1, 0, 1,  1
 1588809872,  15868509, 1, 1, 0, 1,  1
 1588809872,  15883899, 1, 1, 0, 1,  1
 1588809872,  15900083, 1, 1, 0, 1,  1
 1588809872,  15916421, 1, 1, 0, 1,  1
 1588809873,  15932405, 1, 1, 0, 1,  1
 1588809873,  15948003, 1, 1, 0, 1,  1
 1588809873,  15963796, 1, 1, 0, 1,  1
 1588809873,  15981257, 1, 1, 0, 1,  1
 1588809874,  15998058, 1, 1, 0, 1,  1
 1588809874,  16014181, 1, 1, 0, 1,  1
 1588809874,  16030422, 1, 1, 0, 1,  1
 1588809874,  16047683, 1, 1, 0, 1,  1
 1588809875,  16064101, 1, 1, 0, 1,  1
 1588809875,  16081007, 1, 1, 0, 1,  1
 1588809875,  16097050, 1, 1, 0, 1,  1
 1588809875,  16112466, 1, 1, 0, 1,  1
 1588809876,  16128680, 1, 1, 0, 1,  1
 1588809876,  16145661, 1, 1, 0, 1,  1
 1588809876,  16163386, 1, 1, 0, 1,  1
 1588809876,  16179785, 1, 1, 0, 1,  1
 1588809877,  16196283, 1, 1, 0, 1,  1
 1588809877,  16213844, 1, 1, 0, 1,  1
 1588809877,  16230120, 1, 1, 0, 1,  1
 1588809877,  16247003, 1, 1, 0, 1,  1
 1588809878,  16263951, 1, 1, 0, 1,  1
 1588809878,  16281799, 1, 1, 0, 1,  1
 1588809878,  16299571, 1, 1, 0, 1,  1
 1588809878,  16315597, 1, 1, 0, 1,  1
 1588809879,  16332798, 1, 1, 0, 1,  1
 1588809879,  16350666, 1, 1, 0, 1,  1
 1588809879,  16368187, 1, 1, 0, 1,  1
 1588809879,  16386155, 1, 1, 0, 1,  1
 1588809880,  16404076, 1, 1, 0, 1,  1
 1588809880,  16420454, 1, 1, 0, 1,  1
 1588809880,  16437408, 1, 1, 0, 1,  1
 1588809880,  16453935, 1, 1, 0, 1,  1
 1588809881,  16470472, 1, 1, 0, 1,  1
 1588809881,  16487754, 1, 1, 0, 1,  1
 1588809881,  16504287, 1, 1, 0, 1,  1
 1588809881,  16522110, 1, 1, 0, 1,  1
 1588809882,  16540410, 1, 1, 0, 1,  1
 1588809882,  16557618, 1, 1, 0, 1,  1
 1588809882,  16575145, 1, 1, 0, 1,  1
 1588809882,  16591844, 1, 1, 0, 1,  1
 1588809883,  16610315, 1, 1, 0, 1,  1
 1588809883,  16628652, 1, 1, 0, 1,  1
 1588809883,  16645510, 1, 1, 0, 1,  1
 1588809883,  16662510, 1, 1, 0, 1,  1
 1588809884,  16680117, 1, 1, 0, 1,  1
 1588809884,  16696528, 1, 1, 0, 1,  1
 1588809884,  16714566, 1, 1, 0, 1,  1
 1588809884,  16732849, 1, 1, 0, 1,  1
 1588809885,  16751409, 1, 1, 0, 1,  1
 1588809885,  16769848, 1, 1, 0, 1,  1
 1588809885,  16787149, 1, 1, 0, 1,  1
 1588809885,  16804765, 1, 1, 0, 1,  1
 1588809886,  16823135, 1, 1, 0, 1,  1
 1588809886,  16839828, 1, 1, 0, 1,  1
 1588809886,  16857466, 1, 1, 0, 1,  1
 1588809886,  16874606, 1, 1, 0, 1,  1
 1588809887,  16891147, 1, 1, 0, 1,  1
 1588809887,  16907824, 1, 1, 0, 1,  1
 1588809887,  16924858, 1, 1, 0, 1,  1
 1588809887,  16943186, 1, 1, 0, 1,  1
 1588809888,  16960081, 1, 1, 0, 1,  1
 1588809888,  16977883, 1, 1, 0, 1,  1
 1588809888,  16994561, 1, 1, 0, 1,  1
 1588809888,  17012191, 1, 1, 0, 1,  1
 1588809889,  17031012, 1, 1, 0, 1,  1
 1588809889,  17047935, 1, 1, 0, 1,  1
 1588809889,  17065107, 1, 1, 0, 1,  1
 1588809889,  17083920, 1, 1, 0, 1,  1
 1588809890,  17101682, 1, 1, 0, 1,  1
 1588809890,  17120423, 1, 1, 0, 1,  1
 1588809890,  17139516, 1, 1, 0, 1,  1
 1588809890,  17157338, 1, 1, 0, 1,  1
 1588809891,  17175542, 1, 1, 0, 1,  1
 1588809891,  17193029, 1, 1, 0, 1,  1
 1588809891,  17211761, 1, 1, 0, 1,  1
 1588809891,  17229056, 1, 1, 0, 1,  1
 1588809892,  17246375, 1, 1, 0, 1,  1
 1588809892,  17264139, 1, 1, 0, 1,  1
 1588809892,  17283086, 1, 1, 0, 1,  1
 1588809892,  17300342, 1, 1, 0, 1,  1
 1588809893,  17317896, 1, 1, 0, 1,  1
 1588809893,  17335468, 1, 1, 0, 1,  1
 1588809893,  17354040, 1, 1, 0, 1,  1
 1588809893,  17373200, 1, 1, 0, 1,  1
 1588809894,  17390676, 1, 1, 0, 1,  1
 1588809894,  17410070, 1, 1, 0, 1,  1
 1588809894,  17427562, 1, 1, 0, 1,  1
 1588809894,  17445146, 1, 1, 0, 1,  1
 1588809895,  17464756, 1, 1, 0, 1,  1
 1588809895,  17482796, 1, 1, 0, 1,  1
 1588809895,  17501759, 1, 1, 0, 1,  1
 1588809895,  17519323, 1, 1, 0, 1,  1
 1588809896,  17538163, 1, 1, 0, 1,  1
 1588809896,  17557212, 1, 1, 0, 1,  1
 1588809896,  17575787, 1, 1, 0, 1,  1
 1588809896,  17594402, 1, 1, 0, 1,  1
 1588809897,  17613700, 1, 1, 0, 1,  1
 1588809897,  17632311, 1, 1, 0, 1,  1
 1588809897,  17650175, 1, 1, 0, 1,  1
 1588809897,  17668080, 1, 1, 0, 1,  1
 1588809898,  17686251, 1, 1, 0, 1,  1
 1588809898,  17703999, 1, 1, 0, 1,  1
 1588809898,  17722456, 1, 1, 0, 1,  1
 1588809898,  17741969, 1, 1, 0, 1,  1
 1588809899,  17759880, 1, 1, 0, 1,  1
 1588809899,  17777754, 1, 1, 0, 1,  1
 1588809899,  17797184, 1, 1, 0, 1,  1
 1588809899,  17815446, 1, 1, 0, 1,  1
 1588809900,  17833651, 1, 1, 0, 1,  1
 1588809900,  17852604, 1, 1, 0, 1,  1
 1588809900,  17871072, 1, 1, 0, 1,  1
 1588809900,  17889319, 1, 1, 0, 1,  1
 1588809901,  17908305, 1, 1, 0, 1,  1
 1588809901,  17927778, 1, 1, 0, 1,  1
 1588809901,  17948028, 1, 1, 0, 1,  1
 1588809901,  17967306, 1, 1, 0, 1,  1
 1588809902,  17986560, 1, 1, 0, 1,  1
 1588809902,  18006627, 1, 1, 0, 1,  2
 1588809902,  18025786, 1, 1, 0, 1,  2
 1588809902,  18044520, 1, 1, 0, 1,  2
 1588809903,  18064871, 1, 1, 0, 1,  2
 1588809903,  18083244, 1, 1, 0, 1,  2
 1588809903,  18102168, 1, 1, 0, 1,  2
 1588809903,  18121556, 1, 1, 0, 1,  2
 1588809904,  18141112, 1, 1, 0, 1,  2
 1588809904,  18160718, 1, 1, 0, 1,  2
 1588809904,  18181236, 1, 1, 0, 1,  2
 1588809904,  18199741, 1, 1, 0, 1,  2
 1588809905,  18220419, 1, 1, 0, 1,  2
 1588809905,  18240799, 1, 1, 0, 1,  2
 1588809905,  18261581, 1, 1, 0, 1,  2
 1588809905,  18282372, 1, 1, 0, 1,  2
 1588809906,  18302851, 1, 1, 0, 1,  2
 1588809906,  18322012, 1, 1, 0, 1,  2
 1588809906,  18341775, 1, 1, 0, 1,  2
 1588809906,  18361999, 1, 1, 0, 1,  2
 1588809907,  18380839, 1, 1, 0, 1,  2
 1588809907,  18399846, 1, 1, 0, 1,  2
 1588809907,  18420517, 1, 1, 0, 1,  2
 1588809907,  18439721, 1, 1, 0, 1,  2
 1588809908,  18459376, 1, 1, 0, 1,  2
 1588809908,  18480182, 1, 1, 0, 1,  2
 1588809908,  18499273, 1, 1, 0, 1,  2
 1588809908,  18519526, 1, 1, 0, 1,  2
 1588809909,  18538989, 1, 1, 0, 1,  2
 1588809909,  18559887, 1, 1, 0, 1,  2
 1588809909,  18580946, 1, 1, 0, 1,  2
 1588809909,  18601164, 1, 1, 0, 1,  2
 1588809910,  18621637, 1, 1, 0, 1,  2
 1588809910,  18641335, 1, 1, 0, 1,  2
 1588809910,  18662141, 1, 1, 0, 1,  2
 1588809910,  18682389, 1, 1, 0, 1,  2
 1588809911,  18701823, 1, 1, 0, 1,  2
 1588809911,  18722886, 1, 1, 0, 1,  2
 1588809911,  18743829, 1, 1, 0, 1,  2
 1588809911,  18764533, 1, 1, 0, 1,  2
 1588809912,  18784487, 1, 1, 0, 1,  2
 1588809912,  18804769, 1, 1, 0, 1,  2
 1588809912,  18825172, 1, 1, 0, 1,  2
 1588809912,  18844569, 1, 1, 0, 1,  2
 1588809913,  18864404, 1, 1, 0, 1,  2
 1588809913,  18884734, 1, 1, 0, 1,  2
 1588809913,  18906440, 1, 1, 0, 1,  2
 1588809913,  18927809, 1, 1, 0, 1,  2
 1588809914,  18948763, 1, 1, 0, 1,  2
 1588809914,  18969267, 1, 1, 0, 1,  2
 1588809914,  18989864, 1, 1, 0, 1,  2
 1588809914,  19011036, 1, 1, 0, 1,  2
 1588809915,  19031460, 1, 1, 0, 1,  2
 1588809915,  19051213, 1, 1, 0, 1,  2
 1588809915,  19072447, 1, 1, 0, 1,  2
 1588809915,  19093355, 1, 1, 0, 1,  2
 1588809916,  19114715, 1, 1, 0, 1,  2
 1588809916,  19136249, 1, 1, 0, 1,  2
 1588809916,  19156190, 1, 1, 0, 1,  2
 1588809916,  19177729, 1, 1, 0, 1,  2
 1588809917,  19198883, 1, 1, 0, 1,  2
 1588809917,  19220978, 1, 1, 0, 1,  2
 1588809917,  19241401, 1, 1, 0, 1,  2
 1588809917,  19263631, 1, 1, 0, 1,  2
 1588809918,  19285999, 1, 1, 0, 1,  2
 1588809918,  19307774, 1, 1, 0, 1,  2
 1588809918,  19328368, 1, 1, 0, 1,  2
 1588809918,  19350658, 1, 1, 0, 1,  2
 1588809919,  19371991, 1, 1, 0, 1,  2
 1588809919,  19394396, 1, 1, 0, 1,  2
 1588809919,  19415392, 1, 1, 0, 1,  2
 1588809919,  19437055, 1, 1, 0, 1,  2
 1588809920,  19458123, 1, 1, 0, 1,  2
 1588809920,  19480275, 1, 1, 0, 1,  2
 1588809920,  19502060, 1, 1, 0, 1,  2
 1588809920,  19523659, 1, 1, 0, 1,  2
 1588809921,  19544408, 1, 1, 0, 1,  2
 1588809921,  19566138, 1, 1, 0, 1,  2
 1588809921,  19587315, 1, 1, 0, 1,  2
 1588809921,  19609165, 1, 1, 0, 1,  2
 1588809922,  19631515, 1, 1, 0, 1,  2
 1588809922,  19653813, 1, 1, 0, 1,  2
 1588809922,  19674493, 1, 1, 0, 1,  2
 1588809922,  19695332, 1, 1, 0, 1,  2
 1588809923,  19717385, 1, 1, 0, 1,  2
 1588809923,  19739707, 1, 1, 0, 1,  2
 1588809923,  19761834, 1, 1, 0, 1,  2
 1588809923,  19783197, 1, 1, 0, 1,  2
 1588809924,  19804538, 1, 1, 0, 1,  2
 1588809924,  19826899, 1, 1, 0, 1,  2
 1588809924,  19847664, 1, 1, 0, 1,  2
 1588809924,  19869958, 1, 1, 0, 1,  2
 1588809925,  19891783, 1, 1, 0, 1,  2
 1588809925,  19912713, 1, 1, 0, 1,  2
 1588809925,  19934984, 1, 1, 0, 1,  2
 1588809925,  19956459, 1, 1, 0, 1,  2
 1588809926,  19979254, 1, 1, 0, 1,  2
 1588809926,  20001745, 1, 1, 0, 1,  2
 1588809926,  20023142, 1, 1, 0, 1,  2
 1588809926,  20044437, 1, 1, 0, 1,  2
 1588809927,  20066905, 1, 1, 0, 1,  2
 1588809927,  20089242, 1, 1, 0, 1,  2
 1588809927,  20112115, 1, 1, 0, 1,  2
 1588809927,  20135538, 1, 1, 0, 1,  2
 1588809928,  20157485, 1, 1, 0, 1,  2
 1588809928,  20179571, 1, 1, 0, 1,  2
 1588809928,  20201992, 1, 1, 0, 1,  2
 1588809928,  20224022, 1, 1, 0, 1,  2
 1588809929,  20247142, 1, 1, 0, 1,  2
 1588809929,  20270015, 1, 1, 0, 1,  2
 1588809929,  20293576, 1, 1, 0, 1,  2
 1588809929,  20316297, 1, 1, 0, 1,  2
 1588809930,  20338691, 1, 1, 0, 1,  2
 1588809930,  20360124, 1, 1, 0, 1,  2
 1588809930,  20383248, 1, 1, 0, 1,  2
 1588809930,  20406793, 1, 1, 0, 1,  2
 1588809931,  20429617, 1, 1, 0, 1,  2
 1588809931,  20451942, 1, 1, 0, 1,  2
 1588809931,  20475860, 1, 1, 0, 1,  2
 1588809931,  20499006, 1, 1, 0, 1,  2
 1588809932,  20522644, 1, 1, 0, 1,  2
 1588809932,  20546686, 1, 1, 0, 1,  2
 1588809932,  20569053, 1, 1, 0, 1,  2
 1588809932,  20590977, 1, 1, 0, 1,  2
 1588809933,  20614782, 1, 1, 0, 1,  2
 1588809933,  20638223, 1, 1, 0, 1,  2
 1588809933,  20660832, 1, 1, 0, 1,  2
 1588809933,  20684211, 1, 1, 0, 1,  2
 1588809934,  20706892, 1, 1, 0, 1,  2
 1588809934,  20730019, 1, 1, 0, 1,  2
 1588809934,  20753347, 1, 1, 0, 1,  2
 1588809934,  20777558, 1, 1, 0, 1,  2
 1588809935,  20801617, 1, 1, 0, 1,  2
 1588809935,  20824419, 1, 1, 0, 1,  2
 1588809935,  20848188, 1, 1, 0, 1,  2
 1588809935,  20870734, 1, 1, 0, 1,  2
 1588809936,  20894098, 1, 1, 0, 1,  2
 1588809936,  20916768, 1, 1, 0, 1,  2
 1588809936,  20939761, 1, 1, 0, 1,  2
 1588809936,  20962666, 1, 1, 0, 1,  2
 1588809937,  20987002, 1, 1, 0, 1,  2
 1588809937,  21009917, 1, 1, 0, 1,  2
 1588809937,  21034274, 1, 1, 0, 1,  2
 1588809937,  21056869, 1, 1, 0, 1,  2
 1588809938,  21079454, 1, 1, 0, 1,  2
 1588809938,  21102740, 1, 1, 0, 1,  2
 1588809938,  21127056, 1, 1, 0, 1,  2
 1588809938,  21150611, 1, 1, 0, 1,  2
 1588809939,  21174339, 1, 1, 0, 1,  2
 1588809939,  21198696, 1, 1, 0, 1,  2
 1588809939,  21221488, 1, 1, 0, 1,  2
 1588809939,  21244914, 1, 1, 0, 1,  2
 1588809940,  21269343, 1, 1, 0, 1,  2
 1588809940,  21292468, 1, 1, 0, 1,  2
 1588809940,  21315754, 1, 1, 0, 1,  2
 1588809940,  21339492, 1, 1, 0, 1,  2
 1588809941,  21364369, 1, 1, 0, 1,  2
 1588809941,  21388109, 1, 1, 0, 1,  2
 1588809941,  21413040, 1, 1, 0, 1,  2
 1588809941,  21435982, 1, 1, 0, 1,  2
 1588809942,  21461038, 1, 1, 0, 1,  2
 1588809942,  21485055, 1, 1, 0, 1,  2
 1588809942,  21509901, 1, 1, 0, 1,  2
 1588809942,  21534278, 1, 1, 0, 1,  2
 1588809943,  21559165, 1, 1, 0, 1,  2
 1588809943,  21583416, 1, 1, 0, 1,  2
 1588809943,  21607910, 1, 1, 0, 1,  2
 1588809943,  21631300, 1, 1, 0, 1,  2
 1588809944,  21655732, 1, 1, 0, 1,  2
 1588809944,  21681135, 1, 1, 0, 1,  2
 1588809944,  21705315, 1, 1, 0, 1,  2
 1588809944,  21729101, 1, 1, 0, 1,  2
 1588809945,  21752406, 1, 1, 0, 1,  2
 1588809945,  21776335, 1, 1, 0, 1,  2
 1588809945,  21800479, 1, 1, 0, 1,  2
 1588809945,  21826066, 1, 1, 0, 1,  2
 1588809946,  21850983, 1, 1, 0, 1,  2
 1588809946,  21874713, 1, 1, 0, 1,  2
 1588809946,  21899094, 1, 1, 0, 1,  2
 1588809946,  21922949, 1, 1, 0, 1,  2
 1588809947,  21948178, 1, 1, 0, 1,  2
 1588809947,  21972899, 1, 1, 0, 1,  2
 1588809947,  21997261, 1, 1, 0, 1,  2
 1588809947,  22022004, 1, 1, 0, 1,  2
 1588809948,  22046870, 1, 1, 0, 1,  2
 1588809948,  22071507, 1, 1, 0, 1,  2
 1588809948,  22096946, 1, 1, 0, 1,  2
 1588809948,  22121215, 1, 1, 0, 1,  2
 1588809949,  22146924, 1, 1, 0, 1,  2
 1588809949,  22172194, 1, 1, 0, 1,  2
 1588809949,  22196675, 1, 1, 0, 1,  2
 1588809949,  22221843, 1, 1, 0, 1,  2
 1588809950,  22245937, 1, 1, 0, 1,  2
 1588809950,  22272005, 1, 1, 0, 1,  2
 1588809950,  22296295, 1, 1, 0, 1,  2
 1588809950,  22321955, 1, 1, 0, 1,  2
 1588809951,  22346957, 1, 1, 0, 1,  2
 1588809951,  22372794, 1, 1, 0, 1,  2
 1588809951,  22398868, 1, 1, 0, 1,  2
 1588809951,  22425294, 1, 1, 0, 1,  2
 1588809952,  22450657, 1, 1, 0, 1,  2
 1588809952,  22475002, 1, 1, 0, 1,  2
 1588809952,  22499274, 1, 1, 0, 1,  2
 1588809952,  22524373, 1, 1, 0, 1,  2
 1588809953,  22549048, 1, 1, 0, 1,  2
 1588809953,  22574268, 1, 1, 0, 1,  2
 1588809953,  22599326, 1, 1, 0, 1,  2
 1588809953,  22625224, 1, 1, 0, 1,  2
 1588809954,  22650449, 1, 1, 0, 1,  2
 1588809954,  22676567, 1, 1, 0, 1,  2
 1588809954,  22702531, 1, 1, 0, 1,  2
 1588809954,  22727200, 1, 1, 0, 1,  2
 1588809955,  22751788, 1, 1, 0, 1,  2
 1588809955,  22778668, 1, 1, 0, 1,  2
 1588809955,  22804167, 1, 1, 0, 1,  2
 1588809955,  22830111, 1, 1, 0, 1,  2
 1588809956,  22855250, 1, 1, 0, 1,  2
 1588809956,  22880214, 1, 1, 0, 1,  2
 1588809956,  22906823, 1, 1, 0, 1,  2
 1588809956,  22931635, 1, 1, 0, 1,  2
 1588809957,  22957767, 1, 1, 0, 1,  2
 1588809957,  22984723, 1, 1, 0, 1,  2
 1588809957,  23010536, 1, 1, 0, 1,  2
 1588809957,  23037000, 1, 1, 0, 1,  2
 1588809958,  23063830, 1, 1, 0, 1,  2
 1588809958,  23090108, 1, 1, 0, 1,  2
 1588809958,  23115539, 1, 1, 0, 1,  2
 1588809958,  23140647, 1, 1, 0, 1,  2
 1588809959,  23166006, 1, 1, 0, 1,  2
 1588809959,  23191159, 1, 1, 0, 1,  2
 1588809959,  23218273, 1, 1, 0, 1,  2
 1588809959,  23244544, 1, 1, 0, 1,  2
 1588809960,  23271961, 1, 1, 0, 1,  2
 1588809960,  23299269, 1, 1, 0, 1,  2
 1588809960,  23326529, 1, 1, 0, 1,  2
 1588809960,  23352077, 1, 1, 0, 1,  2
 1588809961,  23377594, 1, 1, 0, 1,  2
 1588809961,  23403304, 1, 1, 0, 1,  2
 1588809961,  23430512, 1, 1, 0, 1,  2
 1588809961,  23456548, 1, 1, 0, 1,  2
 1588809962,  23483638, 1, 1, 0, 1,  2
 1588809962,  23510076, 1, 1, 0, 1,  2
 1588809962,  23536415, 1, 1, 0, 1,  2
 1588809962,  23563259, 1, 1, 0, 1,  2
 1588809963,  23589310, 1, 1, 0, 1,  2
 1588809963,  23616250, 1, 1, 0, 1,  2
 1588809963,  23644109, 1, 1, 0, 1,  2
 1588809963,  23670773, 1, 1, 0, 1,  2
 1588809964,  23697684, 1, 1, 0, 1,  2
 1588809964,  23725162, 1, 1, 0, 1,  2
 1588809964,  23751579, 1, 1, 0, 1,  2
 1588809964,  23777566, 1, 1, 0, 1,  2
 1588809965,  23804477, 1, 1, 0, 1,  2
 1588809965,  23831990, 1, 1, 0, 1,  2
 1588809965,  23859255, 1, 1, 0, 1,  2
 1588809965,  23885376, 1, 1, 0, 1,  2
 1588809966,  23911515, 1, 1, 0, 1,  2
 1588809966,  23939365, 1, 1, 0, 1,  2
 1588809966,  23965714, 1, 1, 0, 1,  2
 1588809966,  23991864, 1, 1, 0, 1,  2
 1588809967,  24019486, 1, 1, 0, 1,  2
 1588809967,  24047537, 1, 1, 0, 1,  2
 1588809967,  24074949, 1, 1, 0, 1,  2
 1588809967,  24102545, 1, 1, 0, 1,  2
 1588809968,  24130429, 1, 1, 0, 1,  2
 1588809968,  24157593, 1, 1, 0, 1,  2
 1588809968,  24185598, 1, 1, 0, 1,  2
 1588809968,  24213827, 1, 1, 0, 1,  2
 1588809969,  24241061, 1, 1, 0, 1,  2
 1588809969,  24268202, 1, 1, 0, 1,  2
 1588809969,  24296763, 1, 1, 0, 1,  2
 1588809969,  24323386, 1, 1, 0, 1,  2
 1588809970,  24351630, 1, 1, 0, 1,  2
 1588809970,  24378326, 1, 1, 0, 1,  2
 1588809970,  24406394, 1, 1, 0, 1,  2
 1588809970,  24434821, 1, 1, 0, 1,  2
 1588809971,  24462993, 1, 1, 0, 1,  2
 1588809971,  24491022, 1, 1, 0, 1,  2
 1588809971,  24518182, 1, 1, 0, 1,  2
 1588809971,  24547267, 1, 1, 0, 1,  2
 1588809972,  24574342, 1, 1, 0, 1,  2
 1588809972,  24601855, 1, 1, 0, 1,  2
 1588809972,  24630831, 1, 1, 0, 1,  2
 1588809972,  24658687, 1, 1, 0, 1,  2
 1588809973,  24685586, 1, 1, 0, 1,  2
 1588809973,  24713666, 1, 1, 0, 1,  2
 1588809973,  24741851, 1, 1, 0, 1,  2
 1588809973,  24771029, 1, 1, 0, 1,  2
 1588809974,  24798700, 1, 1, 0, 1,  2
 1588809974,  24826908, 1, 1, 0, 1,  2
 1588809974,  24856312, 1, 1, 0, 1,  2
 1588809974,  24885213, 1, 1, 0, 1,  2
 1588809975,  24913080, 1, 1, 0, 1,  2
 1588809975,  24941473, 1, 1, 0, 1,  2
 1588809975,  24969077, 1, 1, 0, 1,  2
 1588809975,  24996338, 1, 1, 0, 1,  2
 1588809976,  25025337, 1, 1, 0, 1,  2
 1588809976,  25054792, 1, 1, 0, 1,  2
 1588809976,  25083659, 1, 1, 0, 1,  2
 1588809976,  25111272, 1, 1, 0, 1,  2
 1588809977,  25138776, 1, 1, 0, 1,  2
 1588809977,  25167515, 1, 1, 0, 1,  2
 1588809977,  25195430, 1, 1, 0, 1,  2
 1588809977,  25224825, 1, 1, 0, 1,  2
 1588809978,  25253874, 1, 1, 0, 1,  2
 1588809978,  25283001, 1, 1, 0, 1,  2
 1588809978,  25311969, 1, 1, 0, 1,  2
 1588809978,  25339867, 1, 1, 0, 1,  2
 1588809979,  25368103, 1, 1, 0, 1,  2
 1588809979,  25397242, 1, 1, 0, 1,  2
 1588809979,  25425238, 1, 1, 0, 1,  2
 1588809979,  25453493, 1, 1, 0, 1,  2
 1588809980,  25483056, 1, 1, 0, 1,  2
 1588809980,  25510940, 1, 1, 0, 1,  2
 1588809980,  25540331, 1, 1, 0, 1,  2
 1588809980,  25569604, 1, 1, 0, 1,  2
 1588809981,  25598345, 1, 1, 0, 1,  2
 1588809981,  25626699, 1, 1, 0, 1,  2
 1588809981,  25655895, 1, 1, 0, 1,  2
 1588809981,  25684985, 1, 1, 0, 1,  2
 1588809982,  25714626, 1, 1, 0, 1,  2
 1588809982,  25743871, 1, 1, 0, 1,  2
 1588809982,  25772472, 1, 1, 0, 1,  2
 1588809982,  25802522, 1, 1, 0, 1,  2
 1588809983,  25832669, 1, 1, 0, 1,  2
 1588809983,  25861785, 1, 1, 0, 1,  2
 1588809983,  25891974, 1, 1, 0, 1,  2
 1588809983,  25921564, 1, 1, 0, 1,  2
 1588809984,  25950108, 1, 1, 0, 1,  2
 1588809984,  25979105, 1, 1, 0, 1,  2
 1588809984,  26008614, 1, 1, 0, 1,  2
 1588809984,  26039336, 1, 1, 0, 1,  2
 1588809985,  26069311, 1, 1, 0, 1,  2
 1588809985,  26099376, 1, 1, 0, 1,  2
 1588809985,  26129700, 1, 1, 0, 1,  2
 1588809985,  26158897, 1, 1, 0, 1,  2
 1588809986,  26188228, 1, 1, 0, 1,  2
 1588809986,  26217188, 1, 1, 0, 1,  2
 1588809986,  26246319, 1, 1, 0, 1,  2
 1588809986,  26275888, 1, 1, 0, 1,  2
 1588809987,  26305955, 1, 1, 0, 1,  2
 1588809987,  26335016, 1, 1, 0, 1,  2
 1588809987,  26364739, 1, 1, 0, 1,  2
 1588809987,  26394271, 1, 1, 0, 1,  2
 1588809988,  26425449, 1, 1, 0, 1,  2
 1588809988,  26454396, 1, 1, 0, 1,  2
 1588809988,  26484965, 1, 1, 0, 1,  2
 1588809988,  26514650, 1, 1, 0, 1,  2
 1588809989,  26546050, 1, 1, 0, 1,  2
 1588809989,  26575513, 1, 1, 0, 1,  2
 1588809989,  26606351, 1, 1, 0, 1,  2
 1588809989,  26636584, 1, 1, 0, 1,  2
 1588809990,  26666851, 1, 1, 0, 1,  2
 1588809990,  26697816, 1, 1, 0, 1,  2
 1588809990,  26727627, 1, 1, 0, 1,  2
 1588809990,  26757098, 1, 1, 0, 1,  2
 1588809991,  26788602, 1, 1, 0, 1,  2
 1588809991,  26818026, 1, 1, 0, 1,  2
 1588809991,  26848441, 1, 1, 0, 1,  2
 1588809991,  26879810, 1, 1, 0, 1,  2
 1588809992,  26909516, 1, 1, 0, 1,  2
 1588809992,  26941127, 1, 1, 0, 1,  2
 1588809992,  26972470, 1, 1, 0, 1,  2
 1588809992,  27003770, 1, 1, 0, 1,  2
 1588809993,  27034193, 1, 1, 0, 1,  2
 1588809993,  27064573, 1, 1, 0, 1,  2
 1588809993,  27096149, 1, 1, 0, 1,  2
 1588809993,  27126947, 1, 1, 0, 1,  2
 1588809994,  27157297, 1, 1, 0, 1,  2
 1588809994,  27189416, 1, 1, 0, 1,  2
 1588809994,  27221161, 1, 1, 0, 1,  2
 1588809994,  27252486, 1, 1, 0, 1,  2
 1588809995,  27284538, 1, 1, 0, 1,  2
 1588809995,  27314878, 1, 1, 0, 1,  2
 1588809995,  27346538, 1, 1, 0, 1,  2
 1588809995,  27378571, 1, 1, 0, 1,  2
 1588809996,  27408593, 1, 1, 0, 1,  2
 1588809996,  27439556, 1, 1, 0, 1,  2
 1588809996,  27471938, 1, 1, 0, 1,  2
 1588809996,  27504426, 1, 1, 0, 1,  2
 1588809997,  27535882, 1, 1, 0, 1,  2
 1588809997,  27567261, 1, 1, 0, 1,  2
 1588809997,  27598542, 1, 1, 0, 1,  2
 1588809997,  27630755, 1, 1, 0, 1,  2
 1588809998,  27661154, 1, 1, 0, 1,  2
 1588809998,  27693102, 1, 1, 0, 1,  2
 1588809998,  27725608, 1, 1, 0, 1,  2
 1588809998,  27758298, 1, 1, 0, 1,  2
 1588809999,  27789987, 1, 1, 0, 1,  2
 1588809999,  27820788, 1, 1, 0, 1,  2
 1588809999,  27852692, 1, 1, 0, 1,  2
 1588809999,  27884734, 1, 1, 0, 1,  2
 1588810000,  27915356, 1, 1, 0, 1,  2
 1588810000,  27946343, 1, 1, 0, 1,  2
 1588810000,  27977390, 1, 1, 0, 1,  2
 1588810000,  28008942, 1, 1, 0, 1,  2
 1588810001,  28040781, 1, 1, 0, 1,  2
 1588810001,  28073841, 1, 1, 0, 1,  2
 1588810001,  28106595, 1, 1, 0, 1,  2
 1588810001,  28138717, 1, 1, 0, 1,  2
 1588810002,  28171391, 1, 1, 0, 1,  2
 1588810002,  28203349, 1, 1, 0, 1,  2
 1588810002,  28234656, 1, 1, 0, 1,  2
 1588810002,  28266772, 1, 1, 0, 1,  2
 1588810003,  28298826, 1, 1, 0, 1,  2
 1588810003,  28331513, 1, 1, 0, 1,  2
 1588810003,  28363382, 1, 1, 0, 1,  2
 1588810003,  28395544, 1, 1, 0, 1,  2
 1588810004,  28426843, 1, 1, 0, 1,  2
 1588810004,  28458709, 1, 1, 0, 1,  2
 1588810004,  28490501, 1, 1, 0, 1,  2
 1588810004,  28522764, 1, 1, 0, 1,  2
 1588810005,  28555482, 1, 1, 0, 1,  2
 1588810005,  28588429, 1, 1, 0, 1,  2
 1588810005,  28619906, 1, 1, 0, 1,  2
 1588810005,  28652826, 1, 1, 0, 1,  2
 1588810006,  28684651, 1, 1, 0, 1,  2
 1588810006,  28717930, 1, 1, 0, 1,  2
 1588810006,  28750835, 1, 1, 0, 1,  2
 1588810006,  28783574, 1, 1, 0, 1,  2
 1588810007,  28817279, 1, 1, 0, 1,  2
 1588810007,  28851242, 1, 1, 0, 1,  2
 1588810007,  28883176, 1, 1, 0, 1,  2
 1588810007,  28917022, 1, 1, 0, 1,  2
 1588810008,  28949054, 1, 1, 0, 1,  2
 1588810008,  28981046, 1, 1, 0, 1,  2
 1588810008,  29013019, 1, 1, 0, 1,  2
 1588810008,  29045831, 1, 1, 0, 1,  2
 1588810009,  29079788, 1, 1, 0, 1,  2
 1588810009,  29113384, 1, 1, 0, 1,  2
 1588810009,  29147150, 1, 1, 0, 1,  2
 1588810009,  29180177, 1, 1, 0, 1,  2
 1588810010,  29212527, 1, 1, 0, 1,  2
 1588810010,  29246325, 1, 1, 0, 1,  2
 1588810010,  29280594, 1, 1, 0, 1,  2
 1588810010,  29314088, 1, 1, 0, 1,  2
 1588810011,  29347226, 1, 1, 0, 1,  2
 1588810011,  29379980, 1, 1, 0, 1,  2
 1588810011,  29414182, 1, 1, 0, 1,  2
 1588810011,  29447565, 1, 1, 0, 1,  2
 1588810012,  29480659, 1, 1, 0, 1,  2
 1588810012,  29513127, 1, 1, 0, 1,  2
 1588810012,  29547174, 1, 1, 0, 1,  2
 1588810012,  29581789, 1, 1, 0, 1,  2
 1588810013,  29615534, 1, 1, 0, 1,  2
 1588810013,  29649788, 1, 1, 0, 1,  2
 1588810013,  29683616, 1, 1, 0, 1,  2
 1588810013,  29717844, 1, 1, 0, 1,  2
 1588810014,  29751599, 1, 1, 0, 1,  2
 1588810014,  29786483, 1, 1, 0, 1,  2
 1588810014,  29819599, 1, 1, 0, 1,  2
 1588810014,  29853172, 1, 1, 0, 1,  2
 1588810015,  29888095, 1, 1, 0, 1,  2
 1588810015,  29921151, 1, 1, 0, 1,  2
 1588810015,  29954139, 1, 1, 0, 1,  2
 1588810015,  29989027, 1, 1, 0, 1,  2
 1588810016,  30022408, 1, 1, 0, 1,  2
 1588810016,  30055666, 1, 1, 0, 1,  2
 1588810016,  30088789, 1, 1, 0, 1,  2
 1588810016,  30123915, 1, 1, 0, 1,  2
 1588810017,  30158521, 1, 1, 0, 1,  2
 1588810017,  30193561, 1, 1, 0, 1,  2
 1588810017,  30227428, 1, 1, 0, 1,  2
 1588810017,  30262462, 1, 1, 0, 1,  2
 1588810018,  30296941, 1, 1, 0, 1,  2
 1588810018,  30330681, 1, 1, 0, 1,  2
 1588810018,  30364341, 1, 1, 0, 1,  2
 1588810018,  30399890, 1, 1, 0, 1,  2
 1588810019,  30433845, 1, 1, 0, 1,  2
 1588810019,  30469132, 1, 1, 0, 1,  2
 1588810019,  30503050, 1, 1, 0, 1,  2
 1588810019,  30537886, 1, 1, 0, 1,  2
 1588810020,  30573390, 1, 1, 0, 1,  2
 1588810020,  30609068, 1, 1, 0, 1,  2
 1588810020,  30643359, 1, 1, 0, 1,  2
 1588810020,  30677847, 1, 1, 0, 1,  2
 1588810021,  30712983, 1, 1, 0, 1,  2
 1588810021,  30748233, 1, 1, 0, 1,  2
 1588810021,  30784043, 1, 1, 0, 1,  2
 1588810021,  30819992, 1, 1, 0, 1,  2
 1588810022,  30854745, 1, 1, 0, 1,  2
 1588810022,  30888690, 1, 1, 0, 1,  2
 1588810022,  30923194, 1, 1, 0, 1,  2
 1588810022,  30957379, 1, 1, 0, 1,  2
 1588810023,  30993655, 1, 1, 0, 1,  2
 1588810023,  31027983, 1, 1, 0, 1,  2
 1588810023,  31064293, 1, 1, 0, 1,  2
 1588810023,  31100713, 1, 1, 0, 1,  2
 1588810024,  31135026, 1, 1, 0, 1,  2
 1588810024,  31169183, 1, 1, 0, 1,  2
 1588810024,  31205416, 1, 1, 0, 1,  2
 1588810024,  31241386, 1, 1, 0, 1,  2
 1588810025,  31277597, 1, 1, 0, 1,  2
 1588810025,  31312274, 1, 1, 0, 1,  2
 1588810025,  31347381, 1, 1, 0, 1,  2
 1588810025,  31382137, 1, 1, 0, 1,  2
 1588810026,  31416984, 1, 1, 0, 1,  2
 1588810026,  31452581, 1, 1, 0, 1,  2
 1588810026,  31487279, 1, 1, 0, 1,  2
 1588810026,  31522837, 1, 1, 0, 1,  2
 1588810027,  31558037, 1, 1, 0, 1,  2
 1588810027,  31593333, 1, 1, 0, 1,  2
 1588810027,  31629935, 1, 1, 0, 1,  2
 1588810027,  31666810, 1, 1, 0, 1,  2
 1588810028,  31703919, 1, 1, 0, 1,  2
 1588810028,  31740908, 1, 1, 0, 1,  2
 1588810028,  31775929, 1, 1, 0, 1,  2
 1588810028,  31812231, 1, 1, 0, 1,  2
 1588810029,  31848490, 1, 1, 0, 1,  2
 1588810029,  31885704, 1, 1, 0, 1,  2
 1588810029,  31921899, 1, 1, 0, 1,  2
 1588810029,  31959219, 1, 1, 0, 1,  2
 1588810030,  31996214, 1, 1, 0, 1,  2
 1588810030,  32032711, 1, 1, 0, 1,  2
 1588810030,  32068012, 1, 1, 0, 1,  2
 1588810030,  32105040, 1, 1, 0, 1,  2
 1588810031,  32141986, 1, 1, 0, 1,  2
 1588810031,  32179244, 1, 1, 0, 1,  2
 1588810031,  32216337, 1, 1, 0, 1,  2
 1588810031,  32253605, 1, 1, 0, 1,  2
 1588810032,  32290555, 1, 1, 0, 1,  2
 1588810032,  32326979, 1, 1, 0, 1,  2
 1588810032,  32363275, 1, 1, 0, 1,  2
 1588810032,  32399457, 1, 1, 0, 1,  2
 1588810033,  32435943, 1, 1, 0, 1,  2
 1588810033,  32473130, 1, 1, 0, 1,  2
 1588810033,  32509815, 1, 1, 0, 1,  2
 1588810033,  32546856, 1, 1, 0, 1,  2
 1588810034,  32582909, 1, 1, 0, 1,  2
 1588810034,  32619489, 1, 1, 0, 1,  2
 1588810034,  32655282, 1, 1, 0, 1,  2
 1588810034,  32691656, 1, 1, 0, 1,  2
 1588810035,  32729051, 1, 1, 0, 1,  2
 1588810035,  32766491, 1, 1, 0, 1,  2
 1588810035,  32802347, 1, 1, 0, 1,  2
 1588810035,  32839419, 1, 1, 0, 1,  2
 1588810036,  32876815, 1, 1, 0, 1,  2
 1588810036,  32913021, 1, 1, 0, 1,  2
 1588810036,  32949286, 1, 1, 0, 1,  2
 1588810036,  32985358, 1, 1, 0, 1,  2
 1588810037,  33023558, 1, 1, 0, 1,  2
 1588810037,  33060761, 1, 1, 0, 1,  2
 1588810037,  33098857, 1, 1, 0, 1,  2
 1588810037,  33136753, 1, 1, 0, 1,  2
 1588810038,  33175081, 1, 1, 0, 1,  2
 1588810038,  33213504, 1, 1, 0, 1,  2
 1588810038,  33250580, 1, 1, 0, 1,  2
